ZIP Code,State,City/Town,Primary Specialty,All Secondary Specialties,Gender,Facility Name,NPI,Provider Last Name,Provider First Name,Provider Middle Name
94304,CA,PALO ALTO,PEDIATRIC MEDICINE,,M,LPCH MEDICAL GROUP DIV OF LUCILE,1003829771,MEANEY,PETER,ANDREW
91402,CA,PANORAMA CITY,PEDIATRIC MEDICINE,INFECTIOUS DISEASE,M,SOUTHERN CALIFORNIA PERMANENTE MEDICAL GROUP,1013128297,BRONSTEIN,DAVID,E
92604,CA,IRVINE,PEDIATRIC MEDICINE,,F,MEMORIALCARE MEDICAL FOUNDATION,1013907377,BAKER,MARNIE,
92868,CA,ORANGE,PEDIATRIC MEDICINE,CARDIOVASCULAR DISEASE (CARDIOLOGY),M,CHILDREN'S HOSPITAL OF ORANGE COUNTY,1013912054,SWENSSON,RICHARD,ERIC
92868,CA,ORANGE,PEDIATRIC MEDICINE,CARDIOVASCULAR DISEASE (CARDIOLOGY),M,CHILDREN'S HOSPITAL OF ORANGE COUNTY,1013912674,RECTO,MICHAEL,R
92868,CA,ORANGE,PEDIATRIC MEDICINE,OTOLARYNGOLOGY,M,CHILDREN'S HOSPITAL OF ORANGE COUNTY,1013970169,AHUJA,GURPREET,S
92231,CA,CALEXICO,PEDIATRIC MEDICINE,,F,CLINICAS DE SALUD DEL PUEBLO INC,1023274040,CARLISLE,SAUNE-ELISABET,
95817,CA,SACRAMENTO,PEDIATRIC MEDICINE,HEMATOLOGY/ONCOLOGY,M,REGENTS OF THE UNIV OF CA,1023286002,PANIGRAHI,ARUN,RANJAN
92647,CA,HUNTINGTON BEACH,PEDIATRIC MEDICINE,,M,,1023310687,KIM,SAMUEL,SUNGWON
90027,CA,LOS ANGELES,PEDIATRIC MEDICINE,,M,CHILDRENS HOSPITAL LOS ANGELES MEDICAL GROUP INC,1023383213,DENTON,CHRISTOPHER,CLEMENT
94304,CA,PALO ALTO,PEDIATRIC MEDICINE,PULMONARY DISEASE,M,LPCH MEDICAL GROUP DIV OF LUCILE,1023728128,AVDIMIRETZ,NICHOLAS,ANDREW
95542,CA,GARBERVILLE,PEDIATRIC MEDICINE,,M,SOUTHERN HUMBOLDT COMMUNITY HEALTHCARE DISTRICT,1033133202,ROGERS,JOSEPH,E
94143,CA,SAN FRANCISCO,PEDIATRIC MEDICINE,,M,UCSF PEDIATRICS ASSOCIATES,1033168190,KURIO,GREGORY,H
90650,CA,NORWALK,PEDIATRIC MEDICINE,,M,MANUEL F MENDOZA MD INC,1033394408,AHMED,RASIQ,AJ
90049,CA,LOS ANGELES,PEDIATRIC MEDICINE,INTERNAL MEDICINE,F,THE REGENTS OF THE UNIVERSITY OF CALIFORNIA,1033439898,SESHADRI,ANURADHA,G
90027,CA,LOS ANGELES,PEDIATRIC MEDICINE,,F,CHILDRENS HOSPITAL LOS ANGELES MEDICAL GROUP INC,1033505805,NGUYEN,ANGELINE,
94115,CA,SAN FRANCISCO,PEDIATRIC MEDICINE,,F,UNIVERSITY OF CALIFORNIA SAN FRANCISCO,1033539671,CHANG,IRENE,
90027,CA,LOS ANGELES,PEDIATRIC MEDICINE,,F,CHILDRENS HOSPITAL LOS ANGELES MEDICAL GROUP INC,1033555453,GU,PAYAL,KENIA
93003,CA,VENTURA,PEDIATRIC MEDICINE,,F,PRIMARY MEDICAL GROUP OF VENTURA COUNTY INC,1043233620,WILLIAMS,TRACI,ANN
92868,CA,ORANGE,PEDIATRIC MEDICINE,MEDICAL GENETICS AND GENOMICS,M,CHILDREN'S HOSPITAL OF ORANGE COUNTY,1043317910,CHANG,RICHARD,C
93710,CA,FRESNO,PEDIATRIC MEDICINE,MEDICAL GENETICS AND GENOMICS,F,,1043328149,CURRY,CYNTHIA,J
90095,CA,LOS ANGELES,PEDIATRIC MEDICINE,,F,UC REGENTS,1043402332,KUO,CAROLINE,
94304,CA,PALO ALTO,PEDIATRIC MEDICINE,,M,LPCH MEDICAL GROUP DIV OF LUCILE,1043487101,WEN,ANDY,YEN-MING
95677,CA,ROCKLIN,PEDIATRIC MEDICINE,,M,TURNURE MEDICAL GROUP INC SPC,1043511868,STAFFORD,THOMAS,R
92868,CA,ORANGE,PEDIATRIC MEDICINE,,F,UC REGENTS,1043542871,NEWMAN,ERIN,G
90048,CA,WEST HOLLYWOOD,PEDIATRIC MEDICINE,,F,CEDARS-SINAI MEDICAL CENTER,1043581713,PADHYA,DIPTI,
95817,CA,SACRAMENTO,PEDIATRIC MEDICINE,,M,REGENTS OF THE UNIV OF CA,1043618689,CHAFFIN,ZACHARY,R
94143,CA,SAN FRANCISCO,PEDIATRIC MEDICINE,,F,UCSF MEDICAL GROUP BUSINESS SERVICES,1043697113,BLACK,ELIZABETH,ASHLEY
94304,CA,PALO ALTO,PEDIATRIC MEDICINE,,M,LPCH MEDICAL GROUP DIV OF LUCILE,1053426494,ZEE,ERIC,
94304,CA,PALO ALTO,PEDIATRIC MEDICINE,,F,LPCH MEDICAL GROUP DIV OF LUCILE,1053455535,AGARWAL,RAJNI,
92868,CA,ORANGE,PEDIATRIC MEDICINE,ALLERGY/IMMUNOLOGY,F,CHILDREN'S HOSPITAL OF ORANGE COUNTY,1053532366,FIELD,SARAH,SAMIMI
94304,CA,PALO ALTO,PEDIATRIC MEDICINE,HEMATOLOGY/ONCOLOGY,F,LPCH MEDICAL GROUP DIV OF LUCILE,1053553511,KLEIN,ORLY,
95138,CA,SAN JOSE,PEDIATRIC MEDICINE,,M,BAY AREA COMMUNITY HEALTH,1053744375,SHAH,SWETANG,
92668,CA,ORANGE,PEDIATRIC MEDICINE,,M,EMERGENCY MEDICINE SPECIALISTS OF ORANGE COUNTY,1053815852,SHIEH,ANDREW,
95608,CA,CARMICHAEL,PEDIATRIC MEDICINE,GENERAL PRACTICE,F,ARNOLD GREENBERG MD INC,1063503464,ROYSMAN,ANNA,
94115,CA,SAN FRANCISCO,PEDIATRIC MEDICINE,MEDICAL GENETICS AND GENOMICS,M,UNIVERSITY OF CALIFORNIA SAN FRANCISCO,1063617298,SHIEH,JOSEPH,T
94304,CA,PALO ALTO,PEDIATRIC MEDICINE,,M,LPCH MEDICAL GROUP DIV OF LUCILE,1063754745,AVILA,JONATHAN,TIAGO
93555,CA,RIDGECREST,PEDIATRIC MEDICINE,INTERNAL MEDICINE,M,RIDGECREST REGIONAL HOSPITAL,1063831972,MODIC,ANDREW,J
94110,CA,SAN FRANCISCO,PEDIATRIC MEDICINE,,F,PACIFIC INPATIENT MEDICAL GROUP,1073046934,JAEEL,POOJA,A
94304,CA,PALO ALTO,PEDIATRIC MEDICINE,GASTROENTEROLOGY,F,LPCH MEDICAL GROUP DIV OF LUCILE,1073603247,MOON,AERI,
94304,CA,PALO ALTO,PEDIATRIC MEDICINE,MEDICAL GENETICS AND GENOMICS,M,LPCH MEDICAL GROUP DIV OF LUCILE,1073617460,STEVENSON,DAVID,A
91303,CA,CANOGA PARK,PEDIATRIC MEDICINE,,M,"101 FAMILY MEDICAL GROUP,A PROFESSIONAL CORP",1073661807,AKHAVAN,JAMSHEED,
94304,CA,PALO ALTO,PEDIATRIC MEDICINE,CARDIOVASCULAR DISEASE (CARDIOLOGY),F,LPCH MEDICAL GROUP DIV OF LUCILE,1073709648,MOTONAGA,KARA,
94598,CA,WALNUT CREEK,PEDIATRIC MEDICINE,,F,ONE MEDICAL GROUP INC,1073838280,BHAIJEE,MARIA,
92506,CA,RIVERSIDE,PEDIATRIC MEDICINE,,F,RIVERSIDE MEDICAL CLINIC INC,1083695456,CRANE,MELANIE,SKROCKI
94115,CA,SAN FRANCISCO,PEDIATRIC MEDICINE,,M,UNIVERSITY OF CALIFORNIA SAN FRANCISCO,1083710891,GOLDSBY,ROBERT,
92868,CA,ORANGE,PEDIATRIC MEDICINE,CARDIOVASCULAR DISEASE (CARDIOLOGY),M,CHILDREN'S HOSPITAL OF ORANGE COUNTY,1083794259,KICIMAN,NAFIZ,M
94143,CA,SAN FRANCISCO,PEDIATRIC MEDICINE,,F,UCSF PEDIATRICS ASSOCIATES,1083810113,LO,CHRISTINA,
90027,CA,LOS ANGELES,PEDIATRIC MEDICINE,,F,CHILDRENS HOSPITAL LOS ANGELES MEDICAL GROUP INC,1083820716,ANSELMO,DEAN,M
94143,CA,SAN FRANCISCO,PEDIATRIC MEDICINE,,F,UCSF PEDIATRICS ASSOCIATES,1083971501,DESAI,MANSI,I
94304,CA,PALO ALTO,PEDIATRIC MEDICINE,HEMATOLOGY/ONCOLOGY,F,LPCH MEDICAL GROUP DIV OF LUCILE,1093078313,RAMAKRISHNA,SNEHA,
94304,CA,PALO ALTO,PEDIATRIC MEDICINE,CARDIOVASCULAR DISEASE (CARDIOLOGY),M,LPCH MEDICAL GROUP DIV OF LUCILE,1093843245,HOLLANDER,SETH,A
95210,CA,STOCKTON,PEDIATRIC MEDICINE,,M,PERMANENTE MEDICAL GROUP INC,1104019348,MEIER,SCOTT,D
90095,CA,LOS ANGELES,PEDIATRIC MEDICINE,NEUROLOGY,M,UC REGENTS,1104144690,RAJARAMAN,RAJSEKAR,RAM
90027,CA,LOS ANGELES,PEDIATRIC MEDICINE,,F,CHILDRENS HOSPITAL LOS ANGELES MEDICAL GROUP INC,1104243666,POSCH,LEILA,CAROLINE AURORA
94304,CA,PALO ALTO,PEDIATRIC MEDICINE,GASTROENTEROLOGY,F,LPCH MEDICAL GROUP DIV OF LUCILE,1104873199,KHAVARI,NASHA,NASIM SABERY
95119,CA,SAN JOSE,PEDIATRIC MEDICINE,,F,PERMANENTE MEDICAL GROUP INC,1114029105,COHEN,JENNIFER,B
94304,CA,PALO ALTO,PEDIATRIC MEDICINE,,F,LPCH MEDICAL GROUP DIV OF LUCILE,1114223773,HAN,PEGGY,KIM
94304,CA,PALO ALTO,PEDIATRIC MEDICINE,MEDICAL GENETICS AND GENOMICS,F,LPCH MEDICAL GROUP DIV OF LUCILE,1114294477,GOMEZ OSPINA,NATALIA,
92868,CA,ORANGE,PEDIATRIC MEDICINE,,F,EMERGENCY MEDICINE SPECIALISTS OF ORANGE COUNTY,1114332392,MIRCHANDANI,DIVYA,
90048,CA,WEST HOLLYWOOD,PEDIATRIC MEDICINE,,F,CEDARS-SINAI MEDICAL CENTER,1114381803,SIDHU,SONAM,
92354,CA,LOMA LINDA,PEDIATRIC MEDICINE,,F,,1114544285,BOYER,ROBIN,ANNAMARIE
94304,CA,PALO ALTO,PEDIATRIC MEDICINE,HEMATOLOGY/ONCOLOGY,F,LPCH MEDICAL GROUP DIV OF LUCILE,1114666583,SAAB,RAYA,HAMAD
90503,CA,TORRANCE,PEDIATRIC MEDICINE,HOSPICE/PALLIATIVE CARE,M,PROVIDENCE TRINITYCARE HOSPICE,1114939394,KOMATSU,GLEN,I
91355,CA,SANTA CLARITA,PEDIATRIC MEDICINE,,M,PROVIDENCE FACEY MEDICAL FOUNDATION,1114945235,CHOWDHURY,HASAN MURAD,
90048,CA,WEST HOLLYWOOD,PEDIATRIC MEDICINE,NEPHROLOGY,F,CEDARS-SINAI MEDICAL CENTER,1114955705,PULIYANDA,DECHU,
95817,CA,SACRAMENTO,PEDIATRIC MEDICINE,HEMATOLOGY/ONCOLOGY,M,REGENTS OF THE UNIV OF CA,1124001417,DUCORE,JONATHAN,M
92335,CA,FONTANA,PEDIATRIC MEDICINE,ENDOCRINOLOGY,M,SOUTHERN CALIFORNIA PERMANENTE MEDICAL GROUP,1124041710,MOGADAS,RAMIN,R
92201,CA,INDIO,PEDIATRIC MEDICINE,,M,SOUTHERN CALIFORNIA PERMANENTE MEDICAL GROUP,1124459532,JACOBY,BRADLEY,A
93611,CA,CLOVIS,PEDIATRIC MEDICINE,ENDOCRINOLOGY,F,COMMUNITY HEALTH PARTNERS,1134160666,KINMAN,RENEE,A
90007,CA,LOS ANGELES,PEDIATRIC MEDICINE,,F,COUNTY OF LOS ANGELES,1134221708,MOLODOW,RONA,
94304,CA,PALO ALTO,PEDIATRIC MEDICINE,,F,LPCH MEDICAL GROUP DIV OF LUCILE,1134269145,GOOD,JULIE,J
90022,CA,LOS ANGELES,PEDIATRIC MEDICINE,INTERNAL MEDICINE,M,COUNTY OF LOS ANGELES,1134524184,ABDALLAH,AGUSTIN,M
94304,CA,PALO ALTO,PEDIATRIC MEDICINE,,F,LPCH MEDICAL GROUP DIV OF LUCILE,1134567696,MATALON,DENA,RAE
95817,CA,SACRAMENTO,PEDIATRIC MEDICINE,CRITICAL CARE (INTENSIVISTS),F,REGENTS OF THE UNIV OF CA,1134651797,PHELPS,KATHERINE,A
94143,CA,SAN FRANCISCO,PEDIATRIC MEDICINE,CARDIAC SURGERY,M,UCSF DEPT OF SURGERY,1144310756,KOURETAS,PETER,CRIST
90095,CA,LOS ANGELES,PEDIATRIC MEDICINE,,M,UC REGENTS,1144323213,SKLANSKY,MARK,S
92868,CA,ORANGE,PEDIATRIC MEDICINE,CARDIOVASCULAR DISEASE (CARDIOLOGY),M,CHILDREN'S HOSPITAL OF ORANGE COUNTY,1144328360,CHANG,ANTHONY,C
95816,CA,SACRAMENTO,PEDIATRIC MEDICINE,,F,SUTTER VALLEY MEDICAL FOUNDATION,1144329715,VU,NGOC HAN,D
94704,CA,BERKELEY,PEDIATRIC MEDICINE,,F,SUTTER BAY MEDICAL FOUNDATION,1144336355,LANDMAN,PETRA,FROEHLICH
94143,CA,SAN FRANCISCO,PEDIATRIC MEDICINE,,M,UCSF MEDICAL GROUP BUSINESS SERVICES,1144387408,RAPHAEL,ROBERT,I
94304,CA,PALO ALTO,PEDIATRIC MEDICINE,,F,LPCH MEDICAL GROUP DIV OF LUCILE,1144471681,DAMIAN,MIHAELA,K
90242,CA,DOWNEY,PEDIATRIC MEDICINE,INTERNAL MEDICINE,M,SOUTHERN CALIFORNIA PERMANENTE MEDICAL GROUP,1144544669,WONG,LAWRENCE,
92346,CA,HIGHLAND,PEDIATRIC MEDICINE,,M,FACULTY PHYSICIANS AND SURGEONS OF LLUSM,1144674003,THANASUKARN,JOHN,
93721,CA,FRESNO,PEDIATRIC MEDICINE,,M,,1154340586,SANG,NEW,
92868,CA,ORANGE,PEDIATRIC MEDICINE,,M,CHILDREN'S HOSPITAL OF ORANGE COUNTY,1154428027,ABDENUR,JOSE,E
94304,CA,PALO ALTO,PEDIATRIC MEDICINE,,F,LPCH MEDICAL GROUP DIV OF LUCILE,1154526762,AFTANDILIAN,CATHERINE,C
96161,CA,TRUCKEE,PEDIATRIC MEDICINE,,F,TAHOE FOREST HOSPITAL DISTRICT,1154711836,DEJONG,ELLEN,MARIE
92354,CA,LOMA LINDA,PEDIATRIC MEDICINE,,F,,1154876381,NGUYEN,KRISTINE,KIM
92868,CA,ORANGE,PEDIATRIC MEDICINE,CRITICAL CARE (INTENSIVISTS),F,CHILDREN'S HOSPITAL OF ORANGE COUNTY,1164516944,IWAI,DINA,M
90048,CA,WEST HOLLYWOOD,PEDIATRIC MEDICINE,GASTROENTEROLOGY,M,CEDARS-SINAI MEDICAL CENTER,1164522033,ZIRING,DAVID,A
93206,CA,BUTTONWILLOW,PEDIATRIC MEDICINE,,F,OMNI FAMILY HEALTH,1164606828,HUGHES,KELLY,A
90027,CA,LOS ANGELES,PEDIATRIC MEDICINE,,M,CHILDRENS HOSPITAL LOS ANGELES MEDICAL GROUP INC,1164765244,GOLDBERG,BRADLEY,SAMUEL
90025,CA,LOS ANGELES,PEDIATRIC MEDICINE,,F,UC REGENTS,1164775623,SRIVASTAVA,RACHANA,
92868,CA,ORANGE,PEDIATRIC MEDICINE,HEMATOLOGY,F,CHILDREN'S HOSPITAL OF ORANGE COUNTY,1174626683,PUTHENVEETIL,GEETHA,
95691,CA,WEST SACRAMENTO,PEDIATRIC MEDICINE,,F,ELICA HEALTH CENTERS,1184155046,CHENG,JESSICA,
94143,CA,SAN FRANCISCO,PEDIATRIC MEDICINE,,M,UCSF PEDIATRICS ASSOCIATES,1184632101,FRIEDRICHSDORF,STEFAN,J
91326,CA,PORTER RANCH,PEDIATRIC MEDICINE,,F,SOUTHERN CALIFORNIA PERMANENTE MEDICAL GROUP,1184783847,DE LA RIVA,PATRICIA,L
92354,CA,LOMA LINDA,PEDIATRIC MEDICINE,,M,FACULTY PHYSICIANS AND SURGEONS OF LLUSM,1184917353,JUTZY,GREGORY,
90027,CA,LOS ANGELES,PEDIATRIC MEDICINE,,F,CHILDRENS HOSPITAL LOS ANGELES MEDICAL GROUP INC,1194010595,MANDAL,PURNIMA,
95817,CA,SACRAMENTO,PEDIATRIC MEDICINE,HEMATOLOGY/ONCOLOGY,F,REGENTS OF THE UNIV OF CA,1194017210,ALVAREZ,ELYSIA,M
90048,CA,WEST HOLLYWOOD,PEDIATRIC MEDICINE,,M,CEDARS-SINAI MEDICAL CENTER,1194104521,POHL,CHARLES,E
94304,CA,PALO ALTO,PEDIATRIC MEDICINE,HEMATOLOGY/ONCOLOGY,F,LPCH MEDICAL GROUP DIV OF LUCILE,1194187104,CHAO,KAREN,
93635,CA,LOS BANOS,PEDIATRIC MEDICINE,,M,KD MEDICAL GROUP INC,1194382523,HAMID,SHAHEER,
92868,CA,ORANGE,PEDIATRIC MEDICINE,,M,CHILDREN'S HOSPITAL OF ORANGE COUNTY,1194797951,SCHWARZ,ADAM,J
90095,CA,LOS ANGELES,PEDIATRIC MEDICINE,,F,UC REGENTS,1194832469,NIELSEN,KARIN,A
90095,CA,LOS ANGELES,PEDIATRIC MEDICINE,,F,UC REGENTS,1194868182,MATSUMOTO,JOYCE,H
92868,CA,ORANGE,PEDIATRIC MEDICINE,PULMONARY DISEASE,M,CHILDREN'S HOSPITAL OF ORANGE COUNTY,1194985002,KAMATH,SUNIL,P
95817,CA,SACRAMENTO,PEDIATRIC MEDICINE,CARDIOVASCULAR DISEASE (CARDIOLOGY),M,REGENTS OF THE UNIV OF CA,1205068392,DAYAN,JONATHAN,G
91773,CA,SAN DIMAS,PEDIATRIC MEDICINE,NEUROLOGY,M,,1205893245,ISMAIL,HABIB,A
95817,CA,SACRAMENTO,PEDIATRIC MEDICINE,,F,REGENTS OF THE UNIV OF CA,1205943149,MAHAJAN,GAYATRI,
95816,CA,SACRAMENTO,PEDIATRIC MEDICINE,,F,SUTTER VALLEY MEDICAL FOUNDATION,1215015946,GLASER,LOUISE,F
90095,CA,LOS ANGELES,PEDIATRIC MEDICINE,,F,UC REGENTS,1215114962,MARCUS,ELIZABETH,
91345,CA,MISSION HILLS,PEDIATRIC MEDICINE,,F,SOUTHERN CALIFORNIA PERMANENTE MEDICAL GROUP,1215121173,FLOWERS,DANIELLE,R
92501,CA,RIVERSIDE,PEDIATRIC MEDICINE,,M,REGENTS OF THE UNIVERSITY OF CALIFORNIA,1215132790,PONTHENKANDATH,SASIDHARAN,
94304,CA,PALO ALTO,PEDIATRIC MEDICINE,,F,LPCH MEDICAL GROUP DIV OF LUCILE,1215167531,PURKEY,NEHA,JOSHI
94025,CA,MENLO PARK,PEDIATRIC MEDICINE,INTERNAL MEDICINE,F,UNIVERSITY HEALTHCARE ALLIANCE,1215190509,WALFORD,HANNAH,HOPE
94304,CA,PALO ALTO,PEDIATRIC MEDICINE,CRITICAL CARE (INTENSIVISTS),F,LPCH MEDICAL GROUP DIV OF LUCILE,1215196050,STEFFEN,KATHERINE,M
95816,CA,SACRAMENTO,PEDIATRIC MEDICINE,,F,SUTTER VALLEY MEDICAL FOUNDATION,1215248208,SINGH,KASHMIR,
93021,CA,MOORPARK,PEDIATRIC MEDICINE,INTERNAL MEDICINE,M,,1215924451,VO,NHAT,C
95112,CA,SAN JOSE,PEDIATRIC MEDICINE,GENERAL PRACTICE,M,,1215959796,DANG,TRACH,
94304,CA,PALO ALTO,PEDIATRIC MEDICINE,ENDOCRINOLOGY,F,LPCH MEDICAL GROUP DIV OF LUCILE,1225059553,STAFFORD,DIANE,ELIZABETH JACKSON
93033,CA,OXNARD,PEDIATRIC MEDICINE,,F,COMMUNITY MEMORIAL HEALTH SYSTEM,1225065360,PARKER,KALA,N
90404,CA,SANTA MONICA,PEDIATRIC MEDICINE,INFECTIOUS DISEASE,F,THE REGENTS OF THE UNIVERSITY OF CALIFORNIA,1225220205,YEGANEH,NAVA,
94304,CA,PALO ALTO,PEDIATRIC MEDICINE,,F,LPCH MEDICAL GROUP DIV OF LUCILE,1225248875,COULOURES,OLIVERA,MARSENIC
95122,CA,SAN JOSE,PEDIATRIC MEDICINE,GENERAL PRACTICE,M,,1235150822,TRUONG,HIEN,N
94143,CA,SAN FRANCISCO,PEDIATRIC MEDICINE,NEPHROLOGY,F,UCSF MEDICAL GROUP BUSINESS SERVICES,1235151218,SARWAL,MINNIE,M
94534,CA,FAIRFIELD,PEDIATRIC MEDICINE,,M,SUTTER VALLEY MEDICAL FOUNDATION,1235219197,THOMAS,RANDOLPH,C
92411,CA,SAN BERNARDINO,PEDIATRIC MEDICINE,GENERAL PRACTICE,M,,1235351206,ALFARO-MCFIELD,EDGAR,E
92868,CA,ORANGE,PEDIATRIC MEDICINE,HOSPITALIST,F,CHILDREN'S HOSPITAL OF ORANGE COUNTY,1235366337,LUSK,JENNIFER,S
95817,CA,SACRAMENTO,PEDIATRIC MEDICINE,,F,REGENTS OF THE UNIV OF CA,1235367186,PUNDI,KAVITHA,
90095,CA,LOS ANGELES,PEDIATRIC MEDICINE,GASTROENTEROLOGY,F,UC REGENTS,1235422197,WHANG,EMILY,
90027,CA,LOS ANGELES,PEDIATRIC MEDICINE,,F,CHILDRENS HOSPITAL LOS ANGELES MEDICAL GROUP INC,1235471061,AMBARAM,RESHMA,
90048,CA,WEST HOLLYWOOD,PEDIATRIC MEDICINE,,F,CEDARS-SINAI MEDICAL CENTER,1235523473,ALLEN-SHARPLEY,MICHELLE,
94304,CA,PALO ALTO,PEDIATRIC MEDICINE,HEMATOLOGY/ONCOLOGY,F,LPCH MEDICAL GROUP DIV OF LUCILE,1245321595,SHAH,AMI,
94304,CA,PALO ALTO,PEDIATRIC MEDICINE,,F,LPCH MEDICAL GROUP DIV OF LUCILE,1245539964,PROFITA,ELIZABETH,LOUDON
94304,CA,PALO ALTO,PEDIATRIC MEDICINE,,F,LPCH MEDICAL GROUP DIV OF LUCILE,1245625060,MORIARTY,JESSICA,ANN
94304,CA,PALO ALTO,PEDIATRIC MEDICINE,,M,LPCH MEDICAL GROUP DIV OF LUCILE,1255466983,LEWIS,DAVID,BRAM
90095,CA,LOS ANGELES,PEDIATRIC MEDICINE,HEMATOLOGY/ONCOLOGY,F,UC REGENTS,1255595229,CHANG,VIVIAN,Y
94143,CA,SAN FRANCISCO,PEDIATRIC MEDICINE,,F,UCSF PEDIATRICS ASSOCIATES,1255794814,BONSMITH,KATHLEEN,DORA
94143,CA,SAN FRANCISCO,PEDIATRIC MEDICINE,,M,UCSF PEDIATRICS ASSOCIATES,1255863403,NATBONY,JOSHUA,
95816,CA,SACRAMENTO,PEDIATRIC MEDICINE,,F,SUTTER VALLEY MEDICAL FOUNDATION,1265531800,UNIS,CLAIRE,MARIE
94143,CA,SAN FRANCISCO,PEDIATRIC MEDICINE,EMERGENCY MEDICINE,F,UNIVERSITY OF CALIFORNIA SAN FRANCISCO,1265606776,HOEHLER,AMANDA,ELIZABETH
90095,CA,LOS ANGELES,PEDIATRIC MEDICINE,CARDIOVASCULAR DISEASE (CARDIOLOGY),M,UC REGENTS,1265676274,MOORE,JEREMY,P
94143,CA,SAN FRANCISCO,PEDIATRIC MEDICINE,,F,UCSF PEDIATRICS ASSOCIATES,1265782817,NEEMUCHWALA,FATIMA,HAKIMUDDIN
95661,CA,ROSEVILLE,PEDIATRIC MEDICINE,,F,SUTTER VALLEY MEDICAL FOUNDATION,1265797153,LABARO,ANNA MARIE,
94304,CA,PALO ALTO,PEDIATRIC MEDICINE,,F,LPCH MEDICAL GROUP DIV OF LUCILE,1265973424,KUSHNER,LAUREN,ELIZABETH
94304,CA,PALO ALTO,PEDIATRIC MEDICINE,ALLERGY/IMMUNOLOGY,M,LPCH MEDICAL GROUP DIV OF LUCILE,1275064388,SALGADO,CARLOS,ANDRES
94304,CA,PALO ALTO,PEDIATRIC MEDICINE,,F,,1275112492,SEFFENS,ANGELINA,MARIE
94304,CA,PALO ALTO,PEDIATRIC MEDICINE,,M,LPCH MEDICAL GROUP DIV OF LUCILE,1275516361,BHARGAVA,SUMIT,
92868,CA,ORANGE,PEDIATRIC MEDICINE,INFECTIOUS DISEASE,F,CHILDREN'S HOSPITAL OF ORANGE COUNTY,1275630154,ASHOURI,NEGAR,
94109,CA,SAN FRANCISCO,PEDIATRIC MEDICINE,EMERGENCY MEDICINE,F,SAN FRANCISCO EMERGENCY MEDICAL ASSOCIATES,1275890162,BELLMAN,LILLY,A
94304,CA,PALO ALTO,PEDIATRIC MEDICINE,RHEUMATOLOGY,F,LPCH MEDICAL GROUP DIV OF LUCILE,1275920092,TSIN,CATHY,MEI
94304,CA,PALO ALTO,PEDIATRIC MEDICINE,NEPHROLOGY,F,LPCH MEDICAL GROUP DIV OF LUCILE,1275927691,PATEL,RUBY,VISHNU
93721,CA,FRESNO,PEDIATRIC MEDICINE,HOSPITALIST,M,UNIVERSITY FACULTY ASSOCIATES INC,1285165704,KUMAR,VINAY,
94143,CA,SAN FRANCISCO,PEDIATRIC MEDICINE,ENDOCRINOLOGY,M,UCSF MEDICAL GROUP BUSINESS SERVICES,1285641449,LONG,ROGER,K
94115,CA,SAN FRANCISCO,PEDIATRIC MEDICINE,,M,UNIVERSITY OF CALIFORNIA SAN FRANCISCO,1285696203,WALLERSTEIN,ROBERT,J
90027,CA,LOS ANGELES,PEDIATRIC MEDICINE,,M,CHILDRENS HOSPITAL LOS ANGELES MEDICAL GROUP INC,1285715086,HAMMOUDEH,JEFFREY,A
94596,CA,WALNUT CREEK,PEDIATRIC MEDICINE,INTERNAL MEDICINE,M,PERMANENTE MEDICAL GROUP INC,1285818534,RANGARAJAN,SURESH,B
94304,CA,PALO ALTO,PEDIATRIC MEDICINE,CARDIOVASCULAR DISEASE (CARDIOLOGY),M,LPCH MEDICAL GROUP DIV OF LUCILE,1285851436,PUNN,RAJESH,
92604,CA,IRVINE,PEDIATRIC MEDICINE,,F,MEMORIALCARE MEDICAL FOUNDATION,1285912311,EDWARDS,EMILY,R
93301,CA,BAKERSFIELD,PEDIATRIC MEDICINE,,M,SOUTHERN CALIFORNIA PERMANENTE MEDICAL GROUP,1285925636,OOMERJEE,EBRAHIM,
92024,CA,ENCINITAS,PEDIATRIC MEDICINE,,F,"NORTH COUNTY INPATIENT MEDICAL ALLIANCE, A MEDICAL GROUP, INC",1295025187,VLADESCU,ILINCA,
94304,CA,PALO ALTO,PEDIATRIC MEDICINE,,F,LPCH MEDICAL GROUP DIV OF LUCILE,1295051290,KAPLINSKI,MICHELLE,ANNE
94304,CA,PALO ALTO,PEDIATRIC MEDICINE,,M,LPCH MEDICAL GROUP DIV OF LUCILE,1295059996,HAILESELASSIE,BEREKETEAB,
92346,CA,HIGHLAND,PEDIATRIC MEDICINE,INTERNAL MEDICINE,F,FACULTY PHYSICIANS AND SURGEONS OF LLUSM,1295179620,RAY,LORRAINE,REVERSON
92354,CA,LOMA LINDA,PEDIATRIC MEDICINE,,F,,1295313849,CHOI,DA-EUN,
94304,CA,PALO ALTO,PEDIATRIC MEDICINE,"PULMONARY DISEASE, SLEEP MEDICINE",F,LPCH MEDICAL GROUP DIV OF LUCILE,1295889905,TABLIZO,MARY ANNE,A
94143,CA,SAN FRANCISCO,PEDIATRIC MEDICINE,EMERGENCY MEDICINE,F,UNIVERSITY OF CALIFORNIA SAN FRANCISCO,1295901239,ROSENTHAL,EFRAT,
93003,CA,VENTURA,PEDIATRIC MEDICINE,,M,COMMUNITY MEMORIAL HEALTH SYSTEM,1295913523,LEE,SUN,MOON
95127,CA,SAN JOSE,PEDIATRIC MEDICINE,,F,BAY AREA COMMUNITY HEALTH,1295973782,ARUN,APARNA,
95350,CA,MODESTO,PEDIATRIC MEDICINE,EMERGENCY MEDICINE,F,VALLEY CHILDRENS MEDICAL GROUP,1295982494,BECK,TRISHA,J
94304,CA,PALO ALTO,PEDIATRIC MEDICINE,PULMONARY DISEASE,M,LPCH MEDICAL GROUP DIV OF LUCILE,1295995751,TRACY,MICHAEL,C
90095,CA,LOS ANGELES,PEDIATRIC MEDICINE,,F,UC REGENTS,1306124037,CHOE,MEERYO,C
94304,CA,PALO ALTO,PEDIATRIC MEDICINE,INFECTIOUS DISEASE,F,LPCH MEDICAL GROUP DIV OF LUCILE,1306165576,NADIMPALLI,SRUTI,S
90027,CA,LOS ANGELES,PEDIATRIC MEDICINE,,M,CHILDRENS HOSPITAL LOS ANGELES MEDICAL GROUP INC,1306209796,LUTTRELL,JOHN,THOMAS
94143,CA,SAN FRANCISCO,PEDIATRIC MEDICINE,,F,UCSF MEDICAL GROUP BUSINESS SERVICES,1306287172,WU,NATALIE,LUCY
94304,CA,PALO ALTO,PEDIATRIC MEDICINE,,F,LPCH MEDICAL GROUP DIV OF LUCILE,1306860036,DUBIN,ANNE,
95919,CA,BROWNSVILLE,PEDIATRIC MEDICINE,CARDIOVASCULAR DISEASE (CARDIOLOGY),M,SUTTER VALLEY MEDICAL FOUNDATION,1306870258,KAHWAJI,IMAN,YOUSEF
90277,CA,REDONDO BEACH,PEDIATRIC MEDICINE,INTERNAL MEDICINE,F,THE REGENTS OF THE UNIVERSITY OF CALIFORNIA,1316056146,KUO,ALICE,A
94143,CA,SAN FRANCISCO,PEDIATRIC MEDICINE,,F,UCSF PEDIATRICS ASSOCIATES,1316074354,SUN,KAREN,I
90255,CA,HUNTINGTON PARK,PEDIATRIC MEDICINE,GENERAL PRACTICE,F,"LUIS A. GALDAMEZ, MD INC.",1316078165,GALDAMEZ,VIOLETA,A
90745,CA,CARSON,PEDIATRIC MEDICINE,INTERNAL MEDICINE,M,HEALTHCARE PARTNERS AFFILIATES MEDICAL GROUP,1316095227,GANGULY,ARNAB,
95817,CA,SACRAMENTO,PEDIATRIC MEDICINE,CARDIOVASCULAR DISEASE (CARDIOLOGY),F,REGENTS OF THE UNIV OF CA,1316179336,NAGARAJU,LAKSHMI,
95350,CA,MODESTO,PEDIATRIC MEDICINE,EMERGENCY MEDICINE,F,VALLEY CHILDRENS MEDICAL GROUP,1316253545,HERSH,MELISSA,
92647,CA,HUNTINGTON BEACH,PEDIATRIC MEDICINE,,M,MEMORIALCARE MEDICAL FOUNDATION,1316938749,SENAATI,SAMAN,
95128,CA,SAN JOSE,PEDIATRIC MEDICINE,UROLOGY,M,COUNTY OF SANTA CLARA,1316987159,RODRIGUEZ,ESEQUIEL,
91765,CA,DIAMOND BAR,PEDIATRIC MEDICINE,INTERNAL MEDICINE,M,PROVIDENCE MEDICAL FOUNDATION,1326076746,WANG,JEROME,
94143,CA,SAN FRANCISCO,PEDIATRIC MEDICINE,INTERNAL MEDICINE,F,UCSF PEDIATRICS ASSOCIATES,1326103102,LONG,MICHELE,E
90027,CA,LOS ANGELES,PEDIATRIC MEDICINE,,F,CHILDRENS HOSPITAL LOS ANGELES MEDICAL GROUP INC,1326141441,TAKAO,CHERYL,M
94304,CA,PALO ALTO,PEDIATRIC MEDICINE,,F,LPCH MEDICAL GROUP DIV OF LUCILE,1326235458,ALGAZE,CLAUDIA,
91786,CA,UPLAND,PEDIATRIC MEDICINE,NEUROSURGERY,M,CHILDREN'S HOSPITAL OF ORANGE COUNTY,1326255852,OLAYA,JOFFRE,E
90095,CA,LOS ANGELES,PEDIATRIC MEDICINE,,M,UC REGENTS,1326493693,HUSAIN,MAJID,
94304,CA,PALO ALTO,PEDIATRIC MEDICINE,ENDOCRINOLOGY,F,LPCH MEDICAL GROUP DIV OF LUCILE,1336244623,BHATIA,SURUCHI,
95350,CA,MODESTO,PEDIATRIC MEDICINE,CARDIOVASCULAR DISEASE (CARDIOLOGY),M,VALLEY CHILDRENS MEDICAL GROUP,1336259670,HERAGU,NARAKESARI,P
92868,CA,ORANGE,PEDIATRIC MEDICINE,,F,UC REGENTS UCI DEPT OF PEDIATRICS,1336302777,MYERS,ANGELA,
92404,CA,SAN BERNARDINO,PEDIATRIC MEDICINE,,F,,1336387018,KALU,CHIOMA,A
93111,CA,GOLETA,PEDIATRIC MEDICINE,,F,COTTAGE CLINICAL ASSOCIATES,1336428820,IQBAL,ASNEHA,SHIREEN
90405,CA,SANTA MONICA,PEDIATRIC MEDICINE,INTERNAL MEDICINE,F,VENICE FAMILY CLINIC,1336600261,KLEIN,KATELYN,HOPE ANDERSON
95817,CA,SACRAMENTO,PEDIATRIC MEDICINE,,M,REGENTS OF THE UNIV OF CA,1346222197,JHAWAR,SANJAY,
94143,CA,SAN FRANCISCO,PEDIATRIC MEDICINE,EMERGENCY MEDICINE,F,UCSF MEDICAL GROUP BUSINESS SERVICES,1346434891,WERNER,HEIDI,
94143,CA,SAN FRANCISCO,PEDIATRIC MEDICINE,HEMATOLOGY/ONCOLOGY,M,UCSF MEDICAL GROUP BUSINESS SERVICES,1346485026,AGRAWAL,ANURAG,
94115,CA,SAN FRANCISCO,PEDIATRIC MEDICINE,GASTROENTEROLOGY,F,UNIVERSITY OF CALIFORNIA SAN FRANCISCO,1346621760,HUANG,ALICE,C
94115,CA,SAN FRANCISCO,PEDIATRIC MEDICINE,,F,UNIVERSITY OF CALIFORNIA SAN FRANCISCO,1356387021,GIUDICE,LINDA,C
90027,CA,LOS ANGELES,PEDIATRIC MEDICINE,INTERNAL MEDICINE,M,SOUTHERN CALIFORNIA PERMANENTE MEDICAL GROUP,1356412324,DEGNER,TIMOTHY,L
94115,CA,SAN FRANCISCO,PEDIATRIC MEDICINE,INTERNAL MEDICINE,F,UNIVERSITY OF CALIFORNIA SAN FRANCISCO,1356421879,OKUMURA,MEGUMI,J
93314,CA,BAKERSFIELD,PEDIATRIC MEDICINE,GASTROENTEROLOGY,M,VALLEY CHILDRENS MEDICAL GROUP,1356591200,WAROLIN,JOSHUA,P
94304,CA,PALO ALTO,PEDIATRIC MEDICINE,,F,LPCH MEDICAL GROUP DIV OF LUCILE,1356683031,MA,MEIQIAN,
90048,CA,WEST HOLLYWOOD,PEDIATRIC MEDICINE,CARDIOVASCULAR DISEASE (CARDIOLOGY),F,CEDARS-SINAI MEDICAL CENTER,1366416497,GARG,RUCHIRA,
94304,CA,PALO ALTO,PEDIATRIC MEDICINE,,F,LPCH MEDICAL GROUP DIV OF LUCILE,1366478638,TACY,THERESA,A
92557,CA,MORENO VALLEY,PEDIATRIC MEDICINE,,M,FACULTY PHYSICIANS AND SURGEONS OF LLUSM,1366490690,FREDERICK,DEXTER,
94115,CA,SAN FRANCISCO,PEDIATRIC MEDICINE,,F,UNIVERSITY OF CALIFORNIA SAN FRANCISCO,1366837338,CHENG,KATHERINE,
95926,CA,CHICO,PEDIATRIC MEDICINE,INTERNAL MEDICINE,M,REGENTS OF THE UNIV OF CA,1386625986,ROMANO,PATRICK,S
90095,CA,LOS ANGELES,PEDIATRIC MEDICINE,NEUROLOGY,M,UC REGENTS,1386651115,KORNBLUM,HARLEY,I
95825,CA,SACRAMENTO,PEDIATRIC MEDICINE,INTERNAL MEDICINE,F,REGENTS OF THE UNIVERSITY OF CALIFORNIA,1386796050,KARALAKULASINGAM,CHRISHANTHIE,J
92868,CA,ORANGE,PEDIATRIC MEDICINE,ENDOCRINOLOGY,M,CHILDREN'S HOSPITAL OF ORANGE COUNTY,1386808285,KASHMIRI,HIMALA,
94304,CA,PALO ALTO,PEDIATRIC MEDICINE,,F,LPCH MEDICAL GROUP DIV OF LUCILE,1386939296,PRIBNOW,ALLISON,KEELY
92868,CA,ORANGE,PEDIATRIC MEDICINE,PULMONARY DISEASE,F,CHILDREN'S HOSPITAL OF ORANGE COUNTY,1396060554,GAGE,SUSAN,C
90095,CA,LOS ANGELES,PEDIATRIC MEDICINE,NEUROLOGY,F,UC REGENTS,1396061461,WILSON,RUJUTA,BHATT
95816,CA,SACRAMENTO,PEDIATRIC MEDICINE,,F,SUTTER VALLEY MEDICAL FOUNDATION,1396139853,HENSHAW,SARAH,ELIZABETH
90404,CA,SANTA MONICA,PEDIATRIC MEDICINE,,F,THE REGENTS OF THE UNIVERSITY OF CALIFORNIA,1396713426,WEIMER,AMY,
93215,CA,DELANO,PEDIATRIC MEDICINE,CRITICAL CARE (INTENSIVISTS),F,HOSPITALIST MEDICINE PHYSICIANS OF CALIFORNIA INC,1396968111,ZEBRACK,CELIA,
94143,CA,SAN FRANCISCO,PEDIATRIC MEDICINE,,M,UCSF PEDIATRICS ASSOCIATES,1407052186,SACKS,LOREN,D
95448,CA,HEALDSBURG,PEDIATRIC MEDICINE,,F,ALLIANCE MEDICAL CENTER,1407199912,EKSTROM,ANNA,V
93701,CA,FRESNO,PEDIATRIC MEDICINE,,F,,1407432966,MCKEAN,ALIA,MICHELLE
92506,CA,RIVERSIDE,PEDIATRIC MEDICINE,,M,RIVERSIDE MEDICAL CLINIC INC,1407838220,BERRY,RAVI,
90277,CA,REDONDO BEACH,PEDIATRIC MEDICINE,,F,,1407867203,ZIEGNER,ULRIKE,H
90095,CA,LOS ANGELES,PEDIATRIC MEDICINE,,M,UC REGENTS,1407869977,LEVI,DANIEL,
92563,CA,MURRIETA,PEDIATRIC MEDICINE,RHEUMATOLOGY,F,FACULTY PHYSICIANS AND SURGEONS OF LLUSM,1407890429,DE LA PENA,WENDY,LEE
90255,CA,HUNTINGTON PARK,PEDIATRIC MEDICINE,GENERAL SURGERY,M,JOSE TORREBLANCA MD INC,1407922107,TORREBLANCA,JOSE,M
94304,CA,PALO ALTO,PEDIATRIC MEDICINE,CARDIOVASCULAR DISEASE (CARDIOLOGY),F,LPCH MEDICAL GROUP DIV OF LUCILE,1417222779,BUDDHE,SUJATHA,
94304,CA,PALO ALTO,PEDIATRIC MEDICINE,,F,LPCH MEDICAL GROUP DIV OF LUCILE,1417426248,LEE,KYONG-JIN,
94304,CA,PALO ALTO,PEDIATRIC MEDICINE,GASTROENTEROLOGY,M,LPCH MEDICAL GROUP DIV OF LUCILE,1427031970,HUSAIN,SOHAIL,Z
95062,CA,SANTA CRUZ,PEDIATRIC MEDICINE,,F,SUTTER BAY MEDICAL FOUNDATION,1427038504,GALLAGHER,JEANNE,
90201,CA,BELL,PEDIATRIC MEDICINE,GENERAL PRACTICE,F,,1427048768,RODAS,ANA,L
90048,CA,LOS ANGELES,PEDIATRIC MEDICINE,,M,CEDARS-SINAI MEDICAL CARE FOUNDATION,1427060680,KOURSH,EVAN,B
92868,CA,ORANGE,PEDIATRIC MEDICINE,PULMONARY DISEASE,M,CHILDREN'S HOSPITAL OF ORANGE COUNTY,1427085810,TIRAKITSOONTORN,PORNCHAI,
95210,CA,STOCKTON,PEDIATRIC MEDICINE,MEDICAL GENETICS AND GENOMICS,F,PERMANENTE MEDICAL GROUP INC,1427136175,TEZCAN,KAMER,
92868,CA,ORANGE,PEDIATRIC MEDICINE,HEMATOLOGY,F,CENTER FOR COMPREHENSIVE CARE AND DIAGNOSIS OF INHERITED BLOOD DISORDE,1427286343,HWANG,NINA,X
90277,CA,REDONDO BEACH,PEDIATRIC MEDICINE,,M,TORRANCE HEALTH ASSOCIATION INC,1427402403,CHIOU,DANIEL,
90027,CA,LOS ANGELES,PEDIATRIC MEDICINE,,F,CHILDRENS HOSPITAL LOS ANGELES MEDICAL GROUP INC,1427468602,CHANG,SUNNY,
94143,CA,SAN FRANCISCO,PEDIATRIC MEDICINE,,F,UCSF MEDICAL GROUP BUSINESS SERVICES,1437139060,MOON-GRADY,ANITA,
90027,CA,LOS ANGELES,PEDIATRIC MEDICINE,ENDOCRINOLOGY,M,CHILDRENS HOSPITAL LOS ANGELES MEDICAL GROUP INC,1437165826,CHEUNG,CLEMENT,CHUN KAY
92868,CA,ORANGE,PEDIATRIC MEDICINE,CRITICAL CARE (INTENSIVISTS),M,CHILDREN'S HOSPITAL OF ORANGE COUNTY,1437243102,KNIGHT,JASON,M
91786,CA,UPLAND,PEDIATRIC MEDICINE,NEUROSURGERY,M,CHILDREN'S HOSPITAL OF ORANGE COUNTY,1437265816,LOUDON,WILLIAM,G
91402,CA,PANORAMA CITY,PEDIATRIC MEDICINE,ALLERGY/IMMUNOLOGY,F,SOUTHERN CALIFORNIA PERMANENTE MEDICAL GROUP,1437300407,SHAH,NISHA,N
94304,CA,PALO ALTO,PEDIATRIC MEDICINE,,M,LPCH MEDICAL GROUP DIV OF LUCILE,1437371127,MASKATIA,SHIRAZ,
90404,CA,SANTA MONICA,PEDIATRIC MEDICINE,"INFECTIOUS DISEASE, PREVENTIVE MEDICINE",F,THE REGENTS OF THE UNIVERSITY OF CALIFORNIA,1437439379,FERNANDES,PRIYANKA,
91737,CA,RANCHO CUCAMONGA,PEDIATRIC MEDICINE,,F,PINNACLE MEDICAL GROUP INC,1447206073,ADAN,OLGA,M
92505,CA,RIVERSIDE,PEDIATRIC MEDICINE,MEDICAL GENETICS AND GENOMICS,M,SOUTHERN CALIFORNIA PERMANENTE MEDICAL GROUP,1447454871,HOFFMAN,TREVOR,L
90505,CA,TORRANCE,PEDIATRIC MEDICINE,ALLERGY/IMMUNOLOGY,M,THE REGENTS OF THE UNIVERSITY OF CALIFORNIA,1447464375,YEN,ERIC,Y
92557,CA,MORENO VALLEY,PEDIATRIC MEDICINE,,F,FACULTY PHYSICIANS AND SURGEONS OF LLUSM,1447516919,DULAI,AMANPREET,
91206,CA,GLENDALE,PEDIATRIC MEDICINE,,M,FACULTY PHYSICIANS AND SURGEONS OF LLUSM,1447518964,TSUKIMOTO,MITSUHIKO,
94115,CA,SAN FRANCISCO,PEDIATRIC MEDICINE,,F,REGENTS OF THE UNIVERSITY OF CALIFORNIA,1447526454,COBB,CARMEN,ELENA
94305,CA,STANFORD,PEDIATRIC MEDICINE,,F,STANFORD HEALTH CARE,1447563549,FANG,ANDREA,C
92354,CA,LOMA LINDA,PEDIATRIC MEDICINE,INTERNAL MEDICINE,F,FACULTY PHYSICIANS AND SURGEONS OF LLUSM,1447782685,HUYNH,BICHTRAM,
90027,CA,LOS ANGELES,PEDIATRIC MEDICINE,,M,CHILDRENS HOSPITAL LOS ANGELES MEDICAL GROUP INC,1457340291,VANDERBILT,DOUGLAS,L
93534,CA,LANCASTER,PEDIATRIC MEDICINE,,M,"BRIAN K GAW, M.D., INC.",1457354391,GAW,BRIAN,K
90045,CA,LOS ANGELES,PEDIATRIC MEDICINE,,F,,1457420077,BALLOU,NICOLETTE,L
95817,CA,SACRAMENTO,PEDIATRIC MEDICINE,HEMATOLOGY/ONCOLOGY,M,REGENTS OF THE UNIV OF CA,1457451270,MALOGOLOWKIN,MARCIO,H
90723,CA,PARAMOUNT,PEDIATRIC MEDICINE,FAMILY PRACTICE,F,PARA LATINO MEDICAL CENTER INC,1457452310,ZAPANTA-NOVERO,YOLANDA,A
94304,CA,PALO ALTO,PEDIATRIC MEDICINE,HEMATOLOGY/ONCOLOGY,F,LPCH MEDICAL GROUP DIV OF LUCILE,1457471567,GRUBER,TANJA,ANDREA
90027,CA,LOS ANGELES,PEDIATRIC MEDICINE,,M,CHILDRENS HOSPITAL LOS ANGELES MEDICAL GROUP INC,1457585010,SOUZA,ANDREW,THOMAS
91340,CA,SAN FERNANDO,PEDIATRIC MEDICINE,,F,,1457687204,ATALLA,MARTA,I
95010,CA,CAPITOLA,PEDIATRIC MEDICINE,,F,DIGNITY HEALTH MEDICAL FOUNDATION,1457738965,GRAZIANI,STEPHANIE,MELTON
95350,CA,MODESTO,PEDIATRIC MEDICINE,HEMATOLOGY/ONCOLOGY,F,VALLEY CHILDRENS MEDICAL GROUP,1467429787,CROUSE,VONDA,L
94143,CA,SAN FRANCISCO,PEDIATRIC MEDICINE,,M,UCSF MEDICAL GROUP BUSINESS SERVICES,1467488262,BROOK,MICHAEL,
90095,CA,LOS ANGELES,PEDIATRIC MEDICINE,NEUROLOGY,M,UC REGENTS,1467488528,GIZA,CHRISTOPHER,
95816,CA,SACRAMENTO,PEDIATRIC MEDICINE,GASTROENTEROLOGY,M,SUTTER VALLEY MEDICAL FOUNDATION,1467508382,PETERSON,JOHANN,M
95926,CA,CHICO,PEDIATRIC MEDICINE,CARDIOVASCULAR DISEASE (CARDIOLOGY),M,REGENTS OF THE UNIV OF CA,1467614685,YEH,JAY,
91342,CA,SYLMAR,PEDIATRIC MEDICINE,,M,COUNTY OF LOS ANGELES,1467698720,KAHANA,DORON,D
90404,CA,SANTA MONICA,PEDIATRIC MEDICINE,PREVENTIVE MEDICINE,F,THE REGENTS OF THE UNIVERSITY OF CALIFORNIA,1467814731,NUNEZ,DENISE,MAGDALENA
92103,CA,SAN DIEGO,PEDIATRIC MEDICINE,,M,REGENTS OF THE UNIVERSITY OF CALIFORNIA,1467847293,JIMENEZ-BACARDI,ADRIA,
91786,CA,UPLAND,PEDIATRIC MEDICINE,,F,FACULTY PHYSICIANS AND SURGEONS OF LLUSM,1467890632,WANG,HUA,
92868,CA,ORANGE,PEDIATRIC MEDICINE,INTERNAL MEDICINE,F,UC REGENTS,1477086866,KIM,JESSICA,NAH-HYUNG
95695,CA,WOODLAND,PEDIATRIC MEDICINE,,M,DIGNITY HEALTH MEDICAL FOUNDATION,1477537264,NOWICKI,STEPHEN,T
92835,CA,FULLERTON,PEDIATRIC MEDICINE,,M,PROVIDENCE MEDICAL FOUNDATION,1477649382,BENNETT,MARC,WILLIAM
92354,CA,LOMA LINDA,PEDIATRIC MEDICINE,,F,,1487237624,TSAI,CHIN,LUAN
92270,CA,RANCHO MIRAGE,PEDIATRIC MEDICINE,EMERGENCY MEDICINE,F,EISENHOWER MEDICAL CENTER,1487666996,GUERRERO,JOSEFINA,T
94010,CA,BURLINGAME,PEDIATRIC MEDICINE,DERMATOLOGY,F,PENINSULA DERMATOLOGY MEDICAL GROUP INC,1487827861,SORRELL,JENNIFER,L
94304,CA,PALO ALTO,PEDIATRIC MEDICINE,NEPHROLOGY,F,LPCH MEDICAL GROUP DIV OF LUCILE,1487874954,TALLEY,ELIZABETH,M
90048,CA,WEST HOLLYWOOD,PEDIATRIC MEDICINE,,M,CEDARS-SINAI MEDICAL CENTER,1487916177,SHAH,SAREEN,S
92103,CA,SAN DIEGO,PEDIATRIC MEDICINE,"GERIATRIC MEDICINE, INTERNAL MEDICINE",M,REGENTS OF THE UNIVERSITY OF CALIFORNIA,1487941696,MA,LAWRENCE,
95350,CA,MODESTO,PEDIATRIC MEDICINE,CARDIOVASCULAR DISEASE (CARDIOLOGY),F,VALLEY CHILDRENS MEDICAL GROUP,1497031892,CASTELLANOS,BIANCA,
94304,CA,PALO ALTO,PEDIATRIC MEDICINE,MEDICAL GENETICS AND GENOMICS,F,LPCH MEDICAL GROUP DIV OF LUCILE,1497045298,LEE,CHUNG,UN
90404,CA,SANTA MONICA,PEDIATRIC MEDICINE,SPORTS MEDICINE,M,REGENTS OF THE UNIVERSITY OF CALIFORNIA,1497056154,DUFFAUT,CALVIN,J
94143,CA,SAN FRANCISCO,PEDIATRIC MEDICINE,INTERNAL MEDICINE,F,REGENTS OF THE UNIVERSITY OF CALIFORNIA,1497074108,POONACHA,MELANIA,SUNITA
92123,CA,SAN DIEGO,PEDIATRIC MEDICINE,,M,ANESTHESIA SERVICE MEDICAL GROUP,1497079099,VILLEGAS,RICHARD,F
92283,CA,WINTERHAVEN,PEDIATRIC MEDICINE,INTERNAL MEDICINE,M,DHHS PHS IHS PHOENIX AREA,1497281521,KOHLER,KEVIN,V
94607,CA,OAKLAND,PEDIATRIC MEDICINE,,F,ASIAN HEALTH SERVICES,1497825988,CHAN,SUE,
90660,CA,PICO RIVERA,PEDIATRIC MEDICINE,GENERAL PRACTICE,F,,1497841258,SULTANA,SAYEEDA,
94304,CA,PALO ALTO,PEDIATRIC MEDICINE,CRITICAL CARE (INTENSIVISTS),F,LPCH MEDICAL GROUP DIV OF LUCILE,1508027772,RYAN,KATHLEEN,R
90232,CA,CULVER CITY,PEDIATRIC MEDICINE,INTERNAL MEDICINE,M,CEDARS-SINAI MEDICAL CARE FOUNDATION,1508046343,SHIM,ALBERT,L
94123,CA,SAN FRANCISCO,PEDIATRIC MEDICINE,,F,ONE MEDICAL GROUP INC,1508399866,PINDORIA,CHANDNI,
94602,CA,OAKLAND,PEDIATRIC MEDICINE,,F,ALAMEDA HEALTH SYSTEM,1508486903,DOSHI,NIRMITA,R
90048,CA,LOS ANGELES,PEDIATRIC MEDICINE,,M,CEDARS-SINAI MEDICAL CENTER,1508803131,OCHOA-LUBINOFF,CESAR,A
92868,CA,ORANGE,PEDIATRIC MEDICINE,MEDICAL GENETICS AND GENOMICS,M,CHILDREN'S HOSPITAL OF ORANGE COUNTY,1508914458,WANG,RAYMOND,Y
94304,CA,PALO ALTO,PEDIATRIC MEDICINE,,F,LPCH MEDICAL GROUP DIV OF LUCILE,1508950874,SUKUMARAN,MEERA,
94304,CA,PALO ALTO,PEDIATRIC MEDICINE,NEPHROLOGY,M,LPCH MEDICAL GROUP DIV OF LUCILE,1518027291,SUTHERLAND,SCOTT,M
94304,CA,PALO ALTO,PEDIATRIC MEDICINE,,F,LPCH MEDICAL GROUP DIV OF LUCILE,1518030352,MANNING,MELANIE,ANN
92868,CA,ORANGE,PEDIATRIC MEDICINE,,F,CHILDREN'S HOSPITAL OF ORANGE COUNTY,1518082304,TRINH,LIEN,N
92663,CA,NEWPORT BEACH,PEDIATRIC MEDICINE,HEMATOLOGY/ONCOLOGY,F,CITY OF HOPE MEDICAL FOUNDATION,1518166966,YOON,JANET,M
92307,CA,APPLE VALLEY,PEDIATRIC MEDICINE,NEUROLOGY,M,"NEW LIFE MEDICAL ASSOCIATES, INC.",1518172535,PATEL,DARSHAN,A
92868,CA,ORANGE,PEDIATRIC MEDICINE,PHYSICAL MEDICINE AND REHABILITATION,F,CHILDREN'S HOSPITAL OF ORANGE COUNTY,1518918358,IRWIN,MELANIE,C
90048,CA,WEST HOLLYWOOD,PEDIATRIC MEDICINE,INTERNAL MEDICINE,M,CEDARS-SINAI MEDICAL CENTER,1518928886,DESAI,ANISH,B
93721,CA,FRESNO,PEDIATRIC MEDICINE,CARDIOVASCULAR DISEASE (CARDIOLOGY),F,FRESNO COMMUNITY HOSPITAL AND MEDICAL CENTER,1518939263,COLL,ANA,CAROLINA
94115,CA,SAN FRANCISCO,PEDIATRIC MEDICINE,,M,SUTTER BAY MEDICAL FOUNDATION,1518961069,LEONG,RUSSELL,
94143,CA,SAN FRANCISCO,PEDIATRIC MEDICINE,,M,UCSF PEDIATRICS ASSOCIATES,1518995935,MOORE,PHILLIP,
95817,CA,SACRAMENTO,PEDIATRIC MEDICINE,CARDIOVASCULAR DISEASE (CARDIOLOGY),M,REGENTS OF THE UNIV OF CA,1528153756,ING,FRANK,F
90027,CA,LOS ANGELES,PEDIATRIC MEDICINE,,M,CHILDRENS HOSPITAL LOS ANGELES MEDICAL GROUP INC,1528294915,AKAN,DENIZHAN,H
92262,CA,PALM SPRINGS,PEDIATRIC MEDICINE,CARDIOVASCULAR DISEASE (CARDIOLOGY),M,,1538134762,HASHMI,AIJAZ,
95825,CA,SACRAMENTO,PEDIATRIC MEDICINE,,M,ACTIVE LIFE WOUND CLINICS,1538196746,GERBICH,STEPHEN,J.
91786,CA,UPLAND,PEDIATRIC MEDICINE,,M,,1538248166,DOMINGO,MIGUEL,I
94143,CA,SAN FRANCISCO,PEDIATRIC MEDICINE,,M,UCSF PEDIATRICS ASSOCIATES,1538297072,FIORE,DARREN,MICHAEL
95991,CA,YUBA CITY,PEDIATRIC MEDICINE,,M,AMPLA HEALTH,1538428040,CHANGEZI,AMMAR,H
92307,CA,APPLE VALLEY,PEDIATRIC MEDICINE,NEUROLOGY,M,HIGH DESERT NEURO-DIAGNOSTIC MEDICAL GROUP INC,1548218522,GALLEGOS,EDUARDO,
91331,CA,PACOIMA,PEDIATRIC MEDICINE,,F,NORTHEAST VALLEY HEALTH CORPORATION,1548261373,JOHNSON,GINA,M
92354,CA,LOMA LINDA,PEDIATRIC MEDICINE,EMERGENCY MEDICINE,M,FACULTY PHYSICIANS AND SURGEONS OF LLUSM,1548289390,MOYNIHAN,JAMES,A
90095,CA,LOS ANGELES,PEDIATRIC MEDICINE,NEUROLOGY,M,UC REGENTS,1548362361,VARGAS,JORGE,H
95817,CA,SACRAMENTO,PEDIATRIC MEDICINE,PULMONARY DISEASE,F,REGENTS OF THE UNIV OF CA,1548457674,NANDALIKE,KIRAN,
93721,CA,FRESNO,PEDIATRIC MEDICINE,,M,FRESNO COMMUNITY HOSPITAL AND MEDICAL CENTER,1548551641,GHIMIRE,LAXMI,
94304,CA,PALO ALTO,PEDIATRIC MEDICINE,MEDICAL GENETICS AND GENOMICS,F,LPCH MEDICAL GROUP DIV OF LUCILE,1548559974,WILNAI ZISKIND,YAEL,
94143,CA,SAN FRANCISCO,PEDIATRIC MEDICINE,,F,UCSF MEDICAL GROUP BUSINESS SERVICES,1548585748,LALEFAR,NAHAL,R
95391,CA,MOUNTAIN HOUSE,PEDIATRIC MEDICINE,,F,MALHOTRA AND CHITTURI MEDICAL CORP,1548601255,CHITTA,NAGA,V
90095,CA,LOS ANGELES,PEDIATRIC MEDICINE,MEDICAL GENETICS AND GENOMICS,F,UC REGENTS,1548604895,RUSSELL,BIANCA,E
91730,CA,RANCHO CUCAMONGA,PEDIATRIC MEDICINE,,M,WOUND HEALING CARE SPECIALISTS INC,1558398347,DRUGAS,GEORGE,T
94143,CA,SAN FRANCISCO,PEDIATRIC MEDICINE,,M,UCSF PEDIATRICS ASSOCIATES,1558398628,WILSON,STEPHEN,D
92868,CA,ORANGE,PEDIATRIC MEDICINE,CARDIOVASCULAR DISEASE (CARDIOLOGY),M,CHILDREN'S HOSPITAL OF ORANGE COUNTY,1558453258,BATRA,ANJAN,S
92868,CA,ORANGE,PEDIATRIC MEDICINE,PULMONARY DISEASE,M,CHILDREN'S HOSPITAL OF ORANGE COUNTY,1558561597,NAKRA,NEAL,K
94583,CA,SAN RAMON,PEDIATRIC MEDICINE,,F,ONE MEDICAL GROUP INC,1558793281,NABIUNY,IMA,
95350,CA,MODESTO,PEDIATRIC MEDICINE,,M,VALLEY CHILDRENS MEDICAL GROUP,1568402188,ALI,OMAR,
90027,CA,LOS ANGELES,PEDIATRIC MEDICINE,,F,CHILDRENS HOSPITAL LOS ANGELES MEDICAL GROUP INC,1568555308,GUTIERREZ,YVONNE,R
95661,CA,ROSEVILLE,PEDIATRIC MEDICINE,,F,SUTTER VALLEY MEDICAL FOUNDATION,1568569580,SORGEA,LAURA,L
90027,CA,LOS ANGELES,PEDIATRIC MEDICINE,,M,CHILDRENS HOSPITAL LOS ANGELES MEDICAL GROUP INC,1568586428,LAMPHIER,KYLE,A
95062,CA,SANTA CRUZ,PEDIATRIC MEDICINE,,M,SUTTER BAY MEDICAL FOUNDATION,1578543807,SCHIRMER,CASEY,E
95817,CA,SACRAMENTO,PEDIATRIC MEDICINE,CARDIOVASCULAR DISEASE (CARDIOLOGY),F,REGENTS OF THE UNIV OF CA,1578572590,BHARGAVA,HEMA,P
93003,CA,VENTURA,PEDIATRIC MEDICINE,INTERNAL MEDICINE,M,GOLDEN STATE IMAGING ASSOCIATES INC,1578578266,HEPFER,MICHAEL,S
90048,CA,WEST HOLLYWOOD,PEDIATRIC MEDICINE,GERIATRIC MEDICINE,M,CEDARS-SINAI MEDICAL CENTER,1578590196,GRAHAM,JOHN,M
92335,CA,FONTANA,PEDIATRIC MEDICINE,GENERAL SURGERY,M,,1578613949,UY,EDUARDO,
94513,CA,BRENTWOOD,PEDIATRIC MEDICINE,,F,JOHN MUIR PHYSICIAN NETWORK,1578666186,DOVICHI,JENNIFER,
95060,CA,SANTA CRUZ,PEDIATRIC MEDICINE,,F,SUTTER BAY MEDICAL FOUNDATION,1578727152,RIDDLE,SHAWNA,C
94143,CA,SAN FRANCISCO,PEDIATRIC MEDICINE,,F,UCSF PEDIATRICS ASSOCIATES,1588050074,IACOPETTI,CORINA,LEE
94015,CA,DALY CITY,PEDIATRIC MEDICINE,,F,DIGNITY HEALTH MEDICAL FOUNDATION,1588160956,MONTOYA,MAGDELINE,ARACELI
93923,CA,CARMEL,PEDIATRIC MEDICINE,NEUROLOGY,M,,1588699383,HUNTLEY,DAVID,THOMAS
91206,CA,GLENDALE,PEDIATRIC MEDICINE,INTERNAL MEDICINE,M,FACULTY PHYSICIANS AND SURGEONS OF LLUSM,1598057333,WAI,ANDREW,W
90011,CA,LOS ANGELES,PEDIATRIC MEDICINE,,M,SOUTH CENTRAL FAMILY HEALTH CENTER,1598106213,HAKIM,MINA,
95817,CA,SACRAMENTO,PEDIATRIC MEDICINE,CRITICAL CARE (INTENSIVISTS),M,REGENTS OF THE UNIV OF CA,1598817876,HOLCROFT,JOHN,J
94304,CA,PALO ALTO,PEDIATRIC MEDICINE,,M,LPCH MEDICAL GROUP DIV OF LUCILE,1598842593,SHIN,ANDREW,Y
93003,CA,VENTURA,PEDIATRIC MEDICINE,CARDIAC SURGERY,M,COUNTY OF VENTURA,1598876070,LEONG,FREDERIC,JAMES
95060,CA,SANTA CRUZ,PEDIATRIC MEDICINE,,F,SUTTER BAY MEDICAL FOUNDATION,1598912842,BUSSE,JACQUELYN,T
94304,CA,PALO ALTO,PEDIATRIC MEDICINE,GASTROENTEROLOGY,F,LPCH MEDICAL GROUP DIV OF LUCILE,1609133578,AL RABADI,LEINA,SAMIR
92677,CA,LAGUNA NIGUEL,PEDIATRIC MEDICINE,NEUROLOGY,M,PACIFIC NEUROMONITORING ASSOCIATES INC,1609134352,KANANI,REZA,
94304,CA,PALO ALTO,PEDIATRIC MEDICINE,CRITICAL CARE (INTENSIVISTS),F,LPCH MEDICAL GROUP DIV OF LUCILE,1609192699,RASMUSSEN,LINDSEY,K
95350,CA,MODESTO,PEDIATRIC MEDICINE,CARDIAC SURGERY,M,VALLEY CHILDRENS MEDICAL GROUP,1609220268,LEE,BRIAN,
92704,CA,SANTA ANA,PEDIATRIC MEDICINE,,M,SOUTHERN CALIFORNIA PERMANENTE MEDICAL GROUP,1609263730,CHO,KAWING,
94115,CA,SAN FRANCISCO,PEDIATRIC MEDICINE,,M,UNIVERSITY OF CALIFORNIA SAN FRANCISCO,1609293158,MEYERS,MATTHEW,JOHN
95128,CA,SAN JOSE,PEDIATRIC MEDICINE,,F,,1609455583,MALLADI,LAKSHMEERAMYA,
94115,CA,SAN FRANCISCO,PEDIATRIC MEDICINE,NEPHROLOGY,F,UNIVERSITY OF CALIFORNIA SAN FRANCISCO,1609800952,PERWAD,FARZANA,
95695,CA,WOODLAND,PEDIATRIC MEDICINE,,M,DIGNITY HEALTH MEDICAL FOUNDATION,1609804566,MARCH,THOMAS,
90048,CA,WEST HOLLYWOOD,PEDIATRIC MEDICINE,THORACIC SURGERY,M,CEDARS-SINAI MEDICAL CENTER,1609826098,HAKIMIAN,BEHROOZ,
92373,CA,REDLANDS,PEDIATRIC MEDICINE,INTERNAL MEDICINE,M,FACULTY PHYSICIANS AND SURGEONS OF LLUSM,1609897495,LEE,SONNY,C
94143,CA,SAN FRANCISCO,PEDIATRIC MEDICINE,,F,UNIVERSITY OF CALIFORNIA SAN FRANCISCO,1619086840,RHEE,SUE,J
92668,CA,ORANGE,PEDIATRIC MEDICINE,EMERGENCY MEDICINE,M,EMERGENCY MEDICINE SPECIALISTS OF ORANGE COUNTY,1619135845,VALENTE,MICHAEL,E
95926,CA,CHICO,PEDIATRIC MEDICINE,CRITICAL CARE (INTENSIVISTS),F,REGENTS OF THE UNIV OF CA,1619168101,SETHI,VIYEKA,
95020,CA,GILROY,PEDIATRIC MEDICINE,INTERNAL MEDICINE,M,PERMANENTE MEDICAL GROUP INC,1619268257,CALZETTA,MATTHEW,A
94143,CA,SAN FRANCISCO,PEDIATRIC MEDICINE,,F,UNIVERSITY OF CALIFORNIA SAN FRANCISCO,1619292752,HIGHAM,CHRISTINE,S
95062,CA,SANTA CRUZ,PEDIATRIC MEDICINE,,F,SUTTER BAY MEDICAL FOUNDATION,1619957149,NAUENBERG,TANYA,
92618,CA,IRVINE,PEDIATRIC MEDICINE,"CARDIOVASCULAR DISEASE (CARDIOLOGY), INTERNAL MEDICINE",M,SOUTHERN CALIFORNIA PERMANENTE MEDICAL GROUP,1619972700,LOO,JOHN-CHARLES,A
90095,CA,LOS ANGELES,PEDIATRIC MEDICINE,,M,UC REGENTS,1629005368,SHANNON,KEVIN,M
95350,CA,MODESTO,PEDIATRIC MEDICINE,,M,VALLEY CHILDRENS MEDICAL GROUP,1629039912,HAUSER,MICHAEL,E
94702,CA,BERKELEY,PEDIATRIC MEDICINE,,M,UCSF MEDICAL GROUP BUSINESS SERVICES,1629049853,ROJAS,NEAL,L
95817,CA,SACRAMENTO,PEDIATRIC MEDICINE,CARDIOVASCULAR DISEASE (CARDIOLOGY),M,REGENTS OF THE UNIV OF CA,1629064795,HOLZER,RALF,J
92868,CA,ORANGE,PEDIATRIC MEDICINE,CARDIOVASCULAR DISEASE (CARDIOLOGY),M,"PACIFIC CARDIOVASCULAR ASSOCIATES MEDICAL GROUP, INC.",1629096789,CHUN,DAVID,SEUNG
94304,CA,PALO ALTO,PEDIATRIC MEDICINE,INFECTIOUS DISEASE,F,LPCH MEDICAL GROUP DIV OF LUCILE,1629103478,GANS,HAYLEY,MD
94143,CA,SAN FRANCISCO,PEDIATRIC MEDICINE,,F,UCSF PEDIATRICS ASSOCIATES,1629207394,WINNICKI,ERICA,D
92683,CA,WESTMINSTER,PEDIATRIC MEDICINE,,F,VM MEDICAL GROUP,1629398862,VO,THAO,
94304,CA,PALO ALTO,PEDIATRIC MEDICINE,HEMATOLOGY/ONCOLOGY,F,LPCH MEDICAL GROUP DIV OF LUCILE,1629399092,JOHN,TAMI,DENISE
94304,CA,PALO ALTO,PEDIATRIC MEDICINE,GASTROENTEROLOGY,M,LPCH MEDICAL GROUP DIV OF LUCILE,1639138852,GUGIG,ROBERTO,
95966,CA,OROVILLE,PEDIATRIC MEDICINE,,M,AMPLA HEALTH,1639167372,KUMAR,ARUN,
90660,CA,PICO RIVERA,PEDIATRIC MEDICINE,,M,"ACCESS MEDICAL CARE, A PROFESSIONAL MEDICAL CORPORATION",1639270051,REGULLANO,JOSE,
94143,CA,SAN FRANCISCO,PEDIATRIC MEDICINE,,F,UCSF MEDICAL GROUP BUSINESS SERVICES,1639334055,MATTHEWS,JENIFER,
94115,CA,SAN FRANCISCO,PEDIATRIC MEDICINE,,F,UNIVERSITY OF CALIFORNIA SAN FRANCISCO,1639564370,AUSTIN,KARYN,M
94304,CA,PALO ALTO,PEDIATRIC MEDICINE,PULMONARY DISEASE,F,LPCH MEDICAL GROUP DIV OF LUCILE,1639581804,SI,XIN,
94403,CA,SAN MATEO,PEDIATRIC MEDICINE,,F,ONE MEDICAL GROUP INC,1639604507,BERNARD,RACHELLE,LISA
92835,CA,FULLERTON,PEDIATRIC MEDICINE,,M,PROVIDENCE MEDICAL FOUNDATION,1649202714,ZIESMER,PAUL,V
95405,CA,SANTA ROSA,PEDIATRIC MEDICINE,,F,PROVIDENCE MEDICAL FOUNDATION,1649227943,IEZZA,HEATHER,A
94304,CA,PALO ALTO,PEDIATRIC MEDICINE,,F,LPCH MEDICAL GROUP DIV OF LUCILE,1649375445,BROWN,CANDIDA,M
94304,CA,PALO ALTO,PEDIATRIC MEDICINE,"CARDIAC ELECTROPHYSIOLOGY, CARDIOVASCULAR DISEASE (CARDIOLOGY)",M,LPCH MEDICAL GROUP DIV OF LUCILE,1649396235,CERESNAK,SCOTT,R
94143,CA,SAN FRANCISCO,PEDIATRIC MEDICINE,,F,UNIVERSITY OF CALIFORNIA SAN FRANCISCO,1649430034,RAYMOND-FLESCH,MARISSA,
93003,CA,VENTURA,PEDIATRIC MEDICINE,INTERNAL MEDICINE,M,COUNTY OF VENTURA,1649439514,SACKS,ZADOK,JACOB
94304,CA,PALO ALTO,PEDIATRIC MEDICINE,,M,LPCH MEDICAL GROUP DIV OF LUCILE,1659345726,LOPEZ,CECILIO,
95817,CA,SACRAMENTO,PEDIATRIC MEDICINE,,F,REGENTS OF THE UNIV OF CA,1659356020,HAGERMAN,RANDI,J
94123,CA,SAN FRANCISCO,PEDIATRIC MEDICINE,,M,ONE MEDICAL GROUP INC,1659432722,CARDIELLO,PETER,GUY
94304,CA,PALO ALTO,PEDIATRIC MEDICINE,CARDIOVASCULAR DISEASE (CARDIOLOGY),F,LPCH MEDICAL GROUP DIV OF LUCILE,1659507259,ARUNAMATA,ALISA,A
93912,CA,SALINAS,PEDIATRIC MEDICINE,,M,COUNTY OF MONTEREY,1659533016,QUEZADA LIUTI,JORGE,E
92868,CA,ORANGE,PEDIATRIC MEDICINE,HEMATOLOGY,M,CHILDREN'S HOSPITAL OF ORANGE COUNTY,1659539211,SONI,AMIT,
90095,CA,LOS ANGELES,PEDIATRIC MEDICINE,,F,UC REGENTS,1659614980,PATEL,BHAVITA,
94541,CA,HAYWARD,PEDIATRIC MEDICINE,GENERAL PRACTICE,M,SKILLED FACILITY HEALTH CARE SOLUTIONS INC,1659638823,WEISS,CHRISTOPHER,VINCENT
92354,CA,LOMA LINDA,PEDIATRIC MEDICINE,,M,,1669050266,PHAN,MINH,ANH
90048,CA,WEST HOLLYWOOD,PEDIATRIC MEDICINE,NEPHROLOGY,M,CEDARS-SINAI MEDICAL CENTER,1669432167,JORDAN,STANLEY,
94118,CA,SAN FRANCISCO,PEDIATRIC MEDICINE,,M,ONE MEDICAL GROUP INC,1669481198,KASETTY,RAGHUNANDANA,
92647,CA,HUNTINGTON BEACH,PEDIATRIC MEDICINE,"CRITICAL CARE (INTENSIVISTS), GENERAL PRACTICE, UNDERSEA AND HYPERBARIC MEDICINE",M,,1669560231,SARODE,PRAFUL,
94143,CA,SAN FRANCISCO,PEDIATRIC MEDICINE,HEMATOLOGY/ONCOLOGY,F,UNIVERSITY OF CALIFORNIA SAN FRANCISCO,1669765145,WINGER,BETH,APSEL
95817,CA,SACRAMENTO,PEDIATRIC MEDICINE,,F,REGENTS OF THE UNIV OF CA,1669835534,WILAISAKDITIPAKORN,TANAPORN,J
95124,CA,SAN JOSE,PEDIATRIC MEDICINE,SPORTS MEDICINE,F,,1669886206,DANI,SVETLANA,
94304,CA,PALO ALTO,PEDIATRIC MEDICINE,CARDIOVASCULAR DISEASE (CARDIOLOGY),F,LPCH MEDICAL GROUP DIV OF LUCILE,1669892055,REDDY,CHARITHA,DOODIPALA
95816,CA,SACRAMENTO,PEDIATRIC MEDICINE,,F,SUTTER VALLEY MEDICAL FOUNDATION,1669903480,SANDERS,KELLY,CORBETT
94304,CA,PALO ALTO,PEDIATRIC MEDICINE,,M,LPCH MEDICAL GROUP DIV OF LUCILE,1679537369,SANDERS,LEE,
95060,CA,SANTA CRUZ,PEDIATRIC MEDICINE,,F,SUTTER BAY MEDICAL FOUNDATION,1679560197,GORUM,CARLA,
95350,CA,MODESTO,PEDIATRIC MEDICINE,,F,VALLEY CHILDRENS MEDICAL GROUP,1679686653,WINTER,SUSAN,
93535,CA,LANCASTER,PEDIATRIC MEDICINE,,F,COUNTY OF LOS ANGELES,1679968887,GANTZ,LISA,N
94607,CA,OAKLAND,PEDIATRIC MEDICINE,,F,ASIAN HEALTH SERVICES,1689093049,TAKAKUWA,NATSUKO,
92868,CA,ORANGE,PEDIATRIC MEDICINE,CARDIOVASCULAR DISEASE (CARDIOLOGY),M,CHILDREN'S HOSPITAL OF ORANGE COUNTY,1689659955,LAI,WYMAN,W
94304,CA,PALO ALTO,PEDIATRIC MEDICINE,HEMATOLOGY/ONCOLOGY,F,LPCH MEDICAL GROUP DIV OF LUCILE,1689701039,WEINACHT,KATJA,G
92868,CA,ORANGE,PEDIATRIC MEDICINE,,M,CHILDREN'S HOSPITAL OF ORANGE COUNTY,1689775140,COOK,JASON,E
90095,CA,LOS ANGELES,PEDIATRIC MEDICINE,NEPHROLOGY,F,UC REGENTS,1689948960,PEARL,MEGHAN,H
95482,CA,UKIAH,PEDIATRIC MEDICINE,,F,MENDOCINO COMMUNITY HEALTH CLINIC INC,1699055293,JOHNSTON,CASEY,A
95202,CA,STOCKTON,PEDIATRIC MEDICINE,,F,"COMMUNITY MEDICAL CENTERS, INC.",1699139444,KHAMBATY,LUBENA,
90027,CA,LOS ANGELES,PEDIATRIC MEDICINE,,M,CHILDRENS HOSPITAL LOS ANGELES MEDICAL GROUP INC,1699180349,RAAM,MANU,S
96161,CA,TRUCKEE,PEDIATRIC MEDICINE,,F,TAHOE FOREST HOSPITAL DISTRICT,1699229633,GREENE,SARAH,ELIZABETH
94022,CA,LOS ALTOS,PEDIATRIC MEDICINE,,M,SUTTER BAY MEDICAL FOUNDATION,1699867986,HU,LI-MIN,J
92807,CA,ANAHEIM,PEDIATRIC MEDICINE,INTERNAL MEDICINE,F,PROVIDENCE MEDICAL FOUNDATION,1700022894,CANLAS,SHELLEY,S
92123,CA,SAN DIEGO,PEDIATRIC MEDICINE,,M,ANESTHESIA SERVICE MEDICAL GROUP,1700081080,RAVIENDRAN,RAVEEN,T
92668,CA,ORANGE,PEDIATRIC MEDICINE,EMERGENCY MEDICINE,M,EMERGENCY MEDICINE SPECIALISTS OF ORANGE COUNTY,1700092426,BANSIL,NELSON,H
94304,CA,PALO ALTO,PEDIATRIC MEDICINE,,F,LPCH MEDICAL GROUP DIV OF LUCILE,1700800448,OLSON,INGER,L
94143,CA,SAN FRANCISCO,PEDIATRIC MEDICINE,CARDIOVASCULAR DISEASE (CARDIOLOGY),M,UCSF MEDICAL GROUP BUSINESS SERVICES,1700817913,COCALIS,MARK,W
93309,CA,BAKERSFIELD,PEDIATRIC MEDICINE,DERMATOLOGY,F,JEFFREY J CROWLEY MD INC,1700895018,TREANOR,SHANNA,L
95695,CA,WOODLAND,PEDIATRIC MEDICINE,,M,SUTTER VALLEY MEDICAL FOUNDATION,1700997053,GRATTENDICK,DAVID,W
95123,CA,SAN JOSE,PEDIATRIC MEDICINE,MEDICAL GENETICS AND GENOMICS,F,PERMANENTE MEDICAL GROUP INC,1710064357,GUPTHA,SUSHMA,N
90095,CA,LOS ANGELES,PEDIATRIC MEDICINE,,M,UC REGENTS,1710091020,MOORE,THEODORE,B
94304,CA,PALO ALTO,PEDIATRIC MEDICINE,,F,LPCH MEDICAL GROUP DIV OF LUCILE,1710201603,WADIA,RACHNA,GURJEET
94304,CA,PALO ALTO,PEDIATRIC MEDICINE,,M,LPCH MEDICAL GROUP DIV OF LUCILE,1720178387,ANAND,KANWALJEET,SINGH
90027,CA,LOS ANGELES,PEDIATRIC MEDICINE,CARDIOVASCULAR DISEASE (CARDIOLOGY),F,CHILDRENS HOSPITAL LOS ANGELES MEDICAL GROUP INC,1720271802,VOTAVA-SMITH,JODIE,K
93701,CA,FRESNO,PEDIATRIC MEDICINE,,F,,1720665771,DEWHITT,DENISE,LE
94304,CA,PALO ALTO,PEDIATRIC MEDICINE,,M,,1720668361,CHOW-PARMER,CHRISTOPHER,
90048,CA,WEST HOLLYWOOD,PEDIATRIC MEDICINE,,M,CEDARS-SINAI MEDICAL CENTER,1730277658,MCCANTA,ANTHONY,CHARLES
94143,CA,SAN FRANCISCO,PEDIATRIC MEDICINE,PULMONARY DISEASE,F,UCSF PEDIATRICS ASSOCIATES,1730322462,GIBB,ELIZABETH,R
95817,CA,SACRAMENTO,PEDIATRIC MEDICINE,,F,REGENTS OF THE UNIV OF CA,1730347105,OH,GIA,J
95817,CA,SACRAMENTO,PEDIATRIC MEDICINE,CARDIOVASCULAR DISEASE (CARDIOLOGY),F,REGENTS OF THE UNIV OF CA,1730491887,SUNDERJI,SHERZANA,
93105,CA,SANTA BARBARA,PEDIATRIC MEDICINE,ALLERGY/IMMUNOLOGY,F,SANSUM CLINIC,1730573015,ENG,VICTORIA,
90095,CA,LOS ANGELES,PEDIATRIC MEDICINE,,F,UC REGENTS,1730576646,PATHAK,SAUMYA,
91356,CA,TARZANA,PEDIATRIC MEDICINE,"ORTHOPEDIC SURGERY, SPORTS MEDICINE",M,CEDARS-SINAI MEDICAL CARE FOUNDATION,1740218155,SCOTT,JOSHUA,C
93611,CA,CLOVIS,PEDIATRIC MEDICINE,,M,COMMUNITY HEALTH PARTNERS,1740244995,FOSTER,TIMOTHY,C
90404,CA,SANTA MONICA,PEDIATRIC MEDICINE,INTERNAL MEDICINE,M,THE REGENTS OF THE UNIVERSITY OF CALIFORNIA,1740644723,CLAGG,RYAN,
94305,CA,STANFORD,PEDIATRIC MEDICINE,,F,STANFORD HEALTH CARE,1740779180,TRAN,NGOC,N
94304,CA,PALO ALTO,PEDIATRIC MEDICINE,,F,LPCH MEDICAL GROUP DIV OF LUCILE,1750301073,KAUFMAN,BETH,DAWN
90095,CA,LOS ANGELES,PEDIATRIC MEDICINE,INTERNAL MEDICINE,M,UC REGENTS,1750301503,DEVILLE,JAIME,G
92868,CA,ORANGE,PEDIATRIC MEDICINE,HOSPITALIST,M,CHILDREN'S HOSPITAL OF ORANGE COUNTY,1750489951,PATHARE,SAMEER,S
94304,CA,PALO ALTO,PEDIATRIC MEDICINE,,F,,1760038376,SUAREZ,CRISTAL,
95816,CA,SACRAMENTO,PEDIATRIC MEDICINE,,M,SUTTER VALLEY MEDICAL FOUNDATION,1760587018,LOOMIS,RICHARD,B
94304,CA,PALO ALTO,PEDIATRIC MEDICINE,,F,LPCH MEDICAL GROUP DIV OF LUCILE,1760665350,CHAUDHURI,ABANTI,
92354,CA,LOMA LINDA,PEDIATRIC MEDICINE,CARDIOVASCULAR DISEASE (CARDIOLOGY),F,FACULTY PHYSICIANS AND SURGEONS OF LLUSM,1760825236,MUKADAM,SHIREEN,
92346,CA,HIGHLAND,PEDIATRIC MEDICINE,INTERNAL MEDICINE,M,FACULTY PHYSICIANS AND SURGEONS OF LLUSM,1760917835,JOE,DANIEL,KENNETH
95817,CA,SACRAMENTO,PEDIATRIC MEDICINE,ENDOCRINOLOGY,F,REGENTS OF THE UNIV OF CA,1770512840,LOOMBA,LINDSEY,A
92868,CA,ORANGE,PEDIATRIC MEDICINE,HEMATOLOGY/ONCOLOGY,F,CENTER FOR COMPREHENSIVE CARE AND DIAGNOSIS OF INHERITED BLOOD DISORDE,1770528663,NUGENT,DIANE,J
95405,CA,SANTA ROSA,PEDIATRIC MEDICINE,,M,PROVIDENCE MEDICAL FOUNDATION,1770694598,PROSSER,KENNETH,
92868,CA,ORANGE,PEDIATRIC MEDICINE,HEMATOLOGY,F,CHILDREN'S HOSPITAL OF ORANGE COUNTY,1770774341,HSIEH,LOAN,B
94143,CA,SAN FRANCISCO,PEDIATRIC MEDICINE,,F,UNIVERSITY OF CALIFORNIA SAN FRANCISCO,1770809154,VANCE,STANLEY,RAY
90210,CA,BEVERLY HILLS,PEDIATRIC MEDICINE,INTERNAL MEDICINE,F,THE REGENTS OF THE UNIVERSITY OF CALIFORNIA,1770946089,HUO,MAE XINTONG,
90048,CA,WEST HOLLYWOOD,PEDIATRIC MEDICINE,"CRITICAL CARE (INTENSIVISTS), INTERNAL MEDICINE",M,CEDARS-SINAI MEDICAL CENTER,1780644682,BARRON,JOEL,D
95350,CA,MODESTO,PEDIATRIC MEDICINE,,M,VALLEY CHILDRENS MEDICAL GROUP,1780651893,EHRREICH,STEVEN,T
94304,CA,PALO ALTO,PEDIATRIC MEDICINE,CRITICAL CARE (INTENSIVISTS),M,LPCH MEDICAL GROUP DIV OF LUCILE,1780657122,BERG,MARC,DAVID
90095,CA,LOS ANGELES,PEDIATRIC MEDICINE,,M,UC REGENTS,1780685479,ANDERSON,MARTIN,M
94304,CA,PALO ALTO,PEDIATRIC MEDICINE,INFECTIOUS DISEASE,F,LPCH MEDICAL GROUP DIV OF LUCILE,1780766147,LEE,GRACE,M
92868,CA,ORANGE,PEDIATRIC MEDICINE,HEMATOLOGY/ONCOLOGY,F,CHILDREN'S HOSPITAL OF ORANGE COUNTY,1780857573,HADUONG,JOSEPHINE,H
92835,CA,FULLERTON,PEDIATRIC MEDICINE,,F,PROVIDENCE MEDICAL FOUNDATION,1780865444,O'LOUGHLIN,SARAH,
94304,CA,PALO ALTO,PEDIATRIC MEDICINE,,M,LPCH MEDICAL GROUP DIV OF LUCILE,1790130441,KHAN,ASLAM,
94143,CA,SAN FRANCISCO,PEDIATRIC MEDICINE,,F,UCSF MEDICAL GROUP BUSINESS SERVICES,1790193688,ALY,DOAA,
90017,CA,LOS ANGELES,PEDIATRIC MEDICINE,INTERNAL MEDICINE,F,THE REGENTS OF THE UNIVERSITY OF CALIFORNIA,1790281145,PATEL,AMIE,SANJAY
94115,CA,SAN FRANCISCO,PEDIATRIC MEDICINE,HEMATOLOGY/ONCOLOGY,F,UNIVERSITY OF CALIFORNIA SAN FRANCISCO,1790875904,BANERJEE,ANURADHA,
90027,CA,LOS ANGELES,PEDIATRIC MEDICINE,,F,CHILDRENS HOSPITAL LOS ANGELES MEDICAL GROUP INC,1790934800,SOUFI,NISREEN,
90027,CA,LOS ANGELES,PEDIATRIC MEDICINE,,M,CHILDRENS HOSPITAL LOS ANGELES MEDICAL GROUP INC,1790991719,CHANG,TODD,
94304,CA,PALO ALTO,PEDIATRIC MEDICINE,,F,LPCH MEDICAL GROUP DIV OF LUCILE,1801077557,BENSEN,RACHEL,S
94304,CA,PALO ALTO,PEDIATRIC MEDICINE,,F,LPCH MEDICAL GROUP DIV OF LUCILE,1801206503,GIACONE,HEATHER,MARIE
90095,CA,LOS ANGELES,PEDIATRIC MEDICINE,,M,UC REGENTS,1801316526,HUANG,YUE,
91786,CA,UPLAND,PEDIATRIC MEDICINE,NEUROSURGERY,M,CHILDREN'S HOSPITAL OF ORANGE COUNTY,1801804810,MUHONEN,MICHAEL,G
94304,CA,PALO ALTO,PEDIATRIC MEDICINE,,M,LPCH MEDICAL GROUP DIV OF LUCILE,1801810353,MARK,JOHN,DAVID
94115,CA,SAN FRANCISCO,PEDIATRIC MEDICINE,,F,UNIVERSITY OF CALIFORNIA SAN FRANCISCO,1801838925,CHURCH,GWYNNE,D
90095,CA,LOS ANGELES,PEDIATRIC MEDICINE,ALLERGY/IMMUNOLOGY,M,UC REGENTS,1801861216,BUTTE,MANISH,
95062,CA,SANTA CRUZ,PEDIATRIC MEDICINE,,F,SUTTER BAY MEDICAL FOUNDATION,1801977897,SIDELL,KATHRIN,R
92683,CA,WESTMINSTER,PEDIATRIC MEDICINE,INTERNAL MEDICINE,F,,1811077787,NGUYEN,THUY,THANH
94143,CA,SAN FRANCISCO,PEDIATRIC MEDICINE,,M,UCSF MEDICAL GROUP BUSINESS SERVICES,1811912835,BIN,STEVEN,S
91755,CA,MONTEREY PARK,PEDIATRIC MEDICINE,,F,,1821044389,TAIKWEL,EDNA,K
95816,CA,SACRAMENTO,PEDIATRIC MEDICINE,,M,SUTTER VALLEY MEDICAL FOUNDATION,1821090945,CORP,CRAIG,C
94304,CA,PALO ALTO,PEDIATRIC MEDICINE,,F,LPCH MEDICAL GROUP DIV OF LUCILE,1821284712,YEH,ANN MING,M
94304,CA,PALO ALTO,PEDIATRIC MEDICINE,CRITICAL CARE (INTENSIVISTS),F,LPCH MEDICAL GROUP DIV OF LUCILE,1821286857,PAGELER,NATALIE,M
93458,CA,SANTA MARIA,PEDIATRIC MEDICINE,,F,COMMUNITY HEALTH CENTERS OF THE CENTRAL COAST INC,1821287855,KARP,TARA,F
90095,CA,LOS ANGELES,PEDIATRIC MEDICINE,,F,UC REGENTS,1821318957,NGUYEN,MARGARET,P
92705,CA,SANTA ANA,PEDIATRIC MEDICINE,,M,PROVIDENCE MEDICAL FOUNDATION,1821399551,KIM,JAMES,
94143,CA,SAN FRANCISCO,PEDIATRIC MEDICINE,,F,UCSF PEDIATRICS ASSOCIATES,1821438581,BALEILEVUKA-HART,MARICA,
93263,CA,SHAFTER,PEDIATRIC MEDICINE,,M,SHAFTER URGENT CARE,1831194331,AYENI,AYODEJI,ADETAYO
95817,CA,SACRAMENTO,PEDIATRIC MEDICINE,"PULMONARY DISEASE, SLEEP MEDICINE",F,REGENTS OF THE UNIV OF CA,1831583483,CHIDAMBARAM,AMBIKA,G
92123,CA,SAN DIEGO,PEDIATRIC MEDICINE,,M,REGENTS OF THE UNIVERSITY OF CALIFORNIA,1841223344,PICKERING,BRETTEN,
94143,CA,SAN FRANCISCO,PEDIATRIC MEDICINE,,F,UNIVERSITY OF CALIFORNIA SAN FRANCISCO,1841250750,BUCKELEW,SARA,MARIE
92626,CA,COSTA MESA,PEDIATRIC MEDICINE,,F,MEMORIALCARE MEDICAL FOUNDATION,1841303260,POSNER,GINA,L
94301,CA,PALO ALTO,PEDIATRIC MEDICINE,,M,SUTTER BAY MEDICAL FOUNDATION,1841316213,BLOCK,BRUCE,L
90813,CA,LONG BEACH,PEDIATRIC MEDICINE,GENERAL PRACTICE,M,,1841361334,JAYATILAKA,GEORGE,M
93721,CA,FRESNO,PEDIATRIC MEDICINE,,F,UNIVERSITY FACULTY ASSOCIATES INC,1841376217,NELSON,CHRISTINE,
92868,CA,ORANGE,PEDIATRIC MEDICINE,NEPHROLOGY,F,CHILDREN'S HOSPITAL OF ORANGE COUNTY,1841516093,NARAYAN,SHOBA,
94022,CA,LOS ALTOS,PEDIATRIC MEDICINE,,F,SUTTER BAY MEDICAL FOUNDATION,1851370902,BORBA,SUSAN,
93405,CA,SAN LUIS OBISPO,PEDIATRIC MEDICINE,INTERNAL MEDICINE,F,,1851396816,FONG,KAREN,A
90095,CA,LOS ANGELES,PEDIATRIC MEDICINE,RHEUMATOLOGY,F,UC REGENTS,1851489769,MCCURDY,DEBORAH,
95350,CA,MODESTO,PEDIATRIC MEDICINE,,F,VALLEY CHILDRENS MEDICAL GROUP,1851565600,NWOSU,VIVIAN,I
92868,CA,ORANGE,PEDIATRIC MEDICINE,,F,CHILDREN'S HOSPITAL OF ORANGE COUNTY,1851588156,NGUYEN-TANG,HANH-UYEN,
95060,CA,SANTA CRUZ,PEDIATRIC MEDICINE,,F,SUTTER BAY MEDICAL FOUNDATION,1851589121,MARSICO,NICOLE,
95919,CA,BROWNSVILLE,PEDIATRIC MEDICINE,,F,SUTTER VALLEY MEDICAL FOUNDATION,1861400483,RAMAN,PUSHPA,K
93458,CA,SANTA MARIA,PEDIATRIC MEDICINE,,M,COMMUNITY HEALTH CENTERS OF THE CENTRAL COAST INC,1861427528,KHAN-VARIBA,JOHN,A
95422,CA,CLEARLAKE,PEDIATRIC MEDICINE,HOSPICE/PALLIATIVE CARE,M,ADVENTIST HEALTH CLEARLAKE HOSPITAL INC.,1861475865,ZWERDLING,THEODORE,
90025,CA,LOS ANGELES,PEDIATRIC MEDICINE,,M,UC REGENTS,1861501546,SALUSKY,ISIDRO,B
90027,CA,LOS ANGELES,PEDIATRIC MEDICINE,,F,CHILDRENS HOSPITAL LOS ANGELES MEDICAL GROUP INC,1861588626,TANAKA,DIANE,K
92868,CA,ORANGE,PEDIATRIC MEDICINE,INFECTIOUS DISEASE,M,CHILDREN'S HOSPITAL OF ORANGE COUNTY,1861599748,ARRIETA,ANTONIO,C
94304,CA,PALO ALTO,PEDIATRIC MEDICINE,,M,LPCH MEDICAL GROUP DIV OF LUCILE,1861782484,TAWFIK,DANIEL,
95123,CA,SAN JOSE,PEDIATRIC MEDICINE,,M,PERMANENTE MEDICAL GROUP INC,1861837171,SARONWALA,ANIRUDH,
92618,CA,IRVINE,PEDIATRIC MEDICINE,SPORTS MEDICINE,M,ORTHOPAEDIC SPECIALTY INSTITUTE MEDICAL GROUP OF ORANGE COUNTY,1861848947,NIETO,MICHAEL,J
90505,CA,TORRANCE,PEDIATRIC MEDICINE,INTERVENTIONAL CARDIOLOGY,M,MEMORIALCARE MEDICAL FOUNDATION,1871538033,DANON,SAAR,
92868,CA,ORANGE,PEDIATRIC MEDICINE,INFECTIOUS DISEASE,M,CHILDREN'S HOSPITAL OF ORANGE COUNTY,1871577833,ZAHN,MATTHEW,M
94304,CA,PALO ALTO,PEDIATRIC MEDICINE,CRITICAL CARE (INTENSIVISTS),M,LPCH MEDICAL GROUP DIV OF LUCILE,1871617621,CORNELL,TIMOTHY,THOMAS
90255,CA,HUNTINGTON PARK,PEDIATRIC MEDICINE,"FAMILY PRACTICE, GENERAL PRACTICE",M,JOSE TORREBLANCA MD INC,1871619346,TORREBLANCA,JOSE,F
93215,CA,DELANO,PEDIATRIC MEDICINE,,F,OMNI FAMILY HEALTH,1871673004,MEHRETAB ROMAN,YOHANNA,A
94143,CA,SAN FRANCISCO,PEDIATRIC MEDICINE,CARDIOVASCULAR DISEASE (CARDIOLOGY),M,UCSF PEDIATRICS ASSOCIATES,1871699801,SOIFER,SCOTT,J
92868,CA,ORANGE,PEDIATRIC MEDICINE,HEMATOLOGY,M,CHILDREN'S HOSPITAL OF ORANGE COUNTY,1871734509,BUCHBINDER,DAVID,K
94304,CA,PALO ALTO,PEDIATRIC MEDICINE,,F,LPCH MEDICAL GROUP DIV OF LUCILE,1871753848,KAMENY,REBECCA,JOHNSON
94143,CA,SAN FRANCISCO,PEDIATRIC MEDICINE,,F,UNIVERSITY OF CALIFORNIA SAN FRANCISCO,1871884999,MESHERIAKOVA,VERONIKA,V
94115,CA,SAN FRANCISCO,PEDIATRIC MEDICINE,,F,UNIVERSITY OF CALIFORNIA SAN FRANCISCO,1881013795,CASTELLANOS,MARIA,ISABEL
94143,CA,SAN FRANCISCO,PEDIATRIC MEDICINE,,F,UCSF PEDIATRICS ASSOCIATES,1891018776,CHAN,ALICE,
94115,CA,SAN FRANCISCO,PEDIATRIC MEDICINE,,F,UNIVERSITY OF CALIFORNIA SAN FRANCISCO,1891133468,SANCHEZ,LAUREN,ASHLEY
94304,CA,PALO ALTO,PEDIATRIC MEDICINE,HEMATOLOGY/ONCOLOGY,F,LPCH MEDICAL GROUP DIV OF LUCILE,1891922324,ALEXANDER,JESSIE,LEE ANN
90025,CA,LOS ANGELES,PEDIATRIC MEDICINE,,M,UC REGENTS,1891956710,HANUDEL,MARK,R
90027,CA,LOS ANGELES,PEDIATRIC MEDICINE,MEDICAL GENETICS AND GENOMICS,M,SOUTHERN CALIFORNIA PERMANENTE MEDICAL GROUP,1891995122,VERA,MOIN,U
92868,CA,ORANGE,PEDIATRIC MEDICINE,ENDOCRINOLOGY,F,CHILDREN'S HOSPITAL OF ORANGE COUNTY,1902011026,FORGHANI,NIKITA,
93901,CA,SALINAS,PEDIATRIC MEDICINE,,F,SVMHS CLINICS,1902033384,CAPODANNO,GINA,CHRISTINA
94304,CA,PALO ALTO,PEDIATRIC MEDICINE,INFECTIOUS DISEASE,F,LPCH MEDICAL GROUP DIV OF LUCILE,1902073125,MATHEW,ROSHNI,
94115,CA,SAN FRANCISCO,PEDIATRIC MEDICINE,,M,UNIVERSITY OF CALIFORNIA SAN FRANCISCO,1902338296,LINDQUIST,ROBERT,ADAM
95919,CA,BROWNSVILLE,PEDIATRIC MEDICINE,,M,SUTTER VALLEY MEDICAL FOUNDATION,1902836638,WANDER,HARRY,J
94304,CA,PALO ALTO,PEDIATRIC MEDICINE,,F,LPCH MEDICAL GROUP DIV OF LUCILE,1902878036,LAPPEN,RHONDA,SUSAN
95340,CA,MERCED,PEDIATRIC MEDICINE,NEPHROLOGY,M,REGENTS OF THE UNIV OF CA,1902890023,BUTANI,LAVJAY,
94304,CA,PALO ALTO,PEDIATRIC MEDICINE,,F,LPCH MEDICAL GROUP DIV OF LUCILE,1912111360,SHAH,SEJAL,H
92373,CA,REDLANDS,PEDIATRIC MEDICINE,INTERNAL MEDICINE,M,FACULTY PHYSICIANS AND SURGEONS OF LLUSM,1912116856,VERCIO,CHAD,
92103,CA,SAN DIEGO,PEDIATRIC MEDICINE,PULMONARY DISEASE,F,REGENTS OF THE UNIVERSITY OF CALIFORNIA,1912169061,AKONG,KATHRYN,A
91340,CA,SAN FERNANDO,PEDIATRIC MEDICINE,,M,,1912252743,ANARI,ALI,
90027,CA,LOS ANGELES,PEDIATRIC MEDICINE,,F,CHILDRENS HOSPITAL LOS ANGELES MEDICAL GROUP INC,1912273855,STOKKE,JAMIE,LYNN
94143,CA,SAN FRANCISCO,PEDIATRIC MEDICINE,CARDIOVASCULAR DISEASE (CARDIOLOGY),M,UCSF MEDICAL GROUP BUSINESS SERVICES,1912286493,NAWAYTOU,HYTHEM,
94143,CA,SAN FRANCISCO,PEDIATRIC MEDICINE,EMERGENCY MEDICINE,F,UNIVERSITY OF CALIFORNIA SAN FRANCISCO,1912354606,JAIN,NOOPUR,
94143,CA,SAN FRANCISCO,PEDIATRIC MEDICINE,,F,UCSF MEDICAL GROUP BUSINESS SERVICES,1912439027,DUONG,JENNIFER,
90274,CA,ROLLING HILLS ESTATES,PEDIATRIC MEDICINE,ALLERGY/IMMUNOLOGY,M,LAWRENCE D SHER M D INC,1912923913,SHER,LAWRENCE,D
92868,CA,ORANGE,PEDIATRIC MEDICINE,,F,UC REGENTS UCI DEPT OF PEDIATRICS,1912964925,KIMONIS,VIRGINIA,E
92506,CA,RIVERSIDE,PEDIATRIC MEDICINE,NEUROLOGY,M,RIVERSIDE MEDICAL CLINIC INC,1912989385,SAITO,MICHAEL,
92604,CA,IRVINE,PEDIATRIC MEDICINE,,F,MEMORIALCARE MEDICAL FOUNDATION,1922398320,HACKETT,LAUREN,K
94304,CA,PALO ALTO,PEDIATRIC MEDICINE,GASTROENTEROLOGY,F,LPCH MEDICAL GROUP DIV OF LUCILE,1922492388,ZHANG,KE-YOU,
94304,CA,PALO ALTO,PEDIATRIC MEDICINE,CARDIOVASCULAR DISEASE (CARDIOLOGY),F,LPCH MEDICAL GROUP DIV OF LUCILE,1932127610,TEDE,NIKOLA,
92868,CA,ORANGE,PEDIATRIC MEDICINE,ALLERGY/IMMUNOLOGY,F,CHILDREN'S HOSPITAL OF ORANGE COUNTY,1932391471,CHAN,WAN-YIN,
94304,CA,PALO ALTO,PEDIATRIC MEDICINE,NEPHROLOGY,M,LPCH MEDICAL GROUP DIV OF LUCILE,1932441557,SUTHA,KEN,
93420,CA,ARROYO GRANDE,PEDIATRIC MEDICINE,INTERNAL MEDICINE,F,CENTRAL COAST IN-PATIENT CONSULTANTS INC,1932589736,BUCHANAN,ASHLEY,M
94115,CA,SAN FRANCISCO,PEDIATRIC MEDICINE,,F,UNIVERSITY OF CALIFORNIA SAN FRANCISCO,1942350988,PARK,NANAH,SUK
95350,CA,MODESTO,PEDIATRIC MEDICINE,INTERNAL MEDICINE,M,VALLEY CHILDRENS MEDICAL GROUP,1942456165,BURKE,PATRICK,
94304,CA,PALO ALTO,PEDIATRIC MEDICINE,HEMATOLOGY/ONCOLOGY,M,LPCH MEDICAL GROUP DIV OF LUCILE,1942498928,BALAGTAS,JAY MICHAEL,S
94304,CA,PALO ALTO,PEDIATRIC MEDICINE,,F,LPCH MEDICAL GROUP DIV OF LUCILE,1942616859,EGUIGUREN JIMENEZ,MARIA DE LOURDES,
94304,CA,PALO ALTO,PEDIATRIC MEDICINE,GASTROENTEROLOGY,M,LPCH MEDICAL GROUP DIV OF LUCILE,1942695234,COLMAN,RUBEN,JONAS
90095,CA,LOS ANGELES,PEDIATRIC MEDICINE,MEDICAL GENETICS AND GENOMICS,M,UC REGENTS,1952324022,MARTINEZ,JULIAN,A
94304,CA,PALO ALTO,PEDIATRIC MEDICINE,,F,LPCH MEDICAL GROUP DIV OF LUCILE,1952454365,KACHE,SARASWATI,
94304,CA,PALO ALTO,PEDIATRIC MEDICINE,,M,LPCH MEDICAL GROUP DIV OF LUCILE,1952457087,ROTH,STEPHEN,JOEL
94598,CA,WALNUT CREEK,PEDIATRIC MEDICINE,,F,,1952489718,WON,ROSA,H
94143,CA,SAN FRANCISCO,PEDIATRIC MEDICINE,HEMATOLOGY/ONCOLOGY,M,UCSF PEDIATRICS ASSOCIATES,1952499519,HUANG,JAMES,
95991,CA,YUBA CITY,PEDIATRIC MEDICINE,,F,AMPLA HEALTH,1952966079,TANEJA,AISHWARYA,
93003,CA,VENTURA,PEDIATRIC MEDICINE,INTERNAL MEDICINE,F,,1962420752,PATEL,SANDHYA,T
93215,CA,DELANO,PEDIATRIC MEDICINE,,F,CLINICA SIERRA VISTA,1962465336,DE LEON,MARISSA,Q
90744,CA,WILMINGTON,PEDIATRIC MEDICINE,,F,TOTAL CARE MEDICAL CLINIC INC,1962569616,FEYGIN,POLINA,T
92708,CA,FOUNTAIN VALLEY,PEDIATRIC MEDICINE,INTERNAL MEDICINE,M,,1962581363,MAROLIA,MANISH,B
90027,CA,LOS ANGELES,PEDIATRIC MEDICINE,,F,CHILDRENS HOSPITAL LOS ANGELES MEDICAL GROUP INC,1962598938,ROLAND,MICHELLE,
90027,CA,LOS ANGELES,PEDIATRIC MEDICINE,,F,CHILDRENS HOSPITAL LOS ANGELES MEDICAL GROUP INC,1962840363,WINTER,MEREDITH,
94111,CA,SAN FRANCISCO,PEDIATRIC MEDICINE,,F,ONE MEDICAL GROUP INC,1962886358,DANSER,JULIA,
94115,CA,SAN FRANCISCO,PEDIATRIC MEDICINE,,M,UNIVERSITY OF CALIFORNIA SAN FRANCISCO,1972034841,BLAIR,DAVID,
93701,CA,FRESNO,PEDIATRIC MEDICINE,,M,,1972180073,HANAFY,OMAR,FOUAD
95688,CA,VACAVILLE,PEDIATRIC MEDICINE,EMERGENCY MEDICINE,F,PERMANENTE MEDICAL GROUP INC,1972523009,ARPILLEDA,JOYCE,C
90095,CA,LOS ANGELES,PEDIATRIC MEDICINE,CARDIOVASCULAR DISEASE (CARDIOLOGY),M,UC REGENTS,1972530988,PERENS,GREGORY,S
90027,CA,LOS ANGELES,PEDIATRIC MEDICINE,HEMATOLOGY/ONCOLOGY,F,SOUTHERN CALIFORNIA PERMANENTE MEDICAL GROUP,1972600179,MUELLER,LISA,A
96161,CA,TRUCKEE,PEDIATRIC MEDICINE,,M,TAHOE FOREST HOSPITAL DISTRICT,1972621225,RUGGIERO,MARK,S
94143,CA,SAN FRANCISCO,PEDIATRIC MEDICINE,,F,UCSF PEDIATRICS ASSOCIATES,1972779775,KAUSHIK,NEERU,
91731,CA,EL MONTE,PEDIATRIC MEDICINE,,F,COUNTY OF LOS ANGELES,1972835692,RIOS,EUNICE,V
90027,CA,LOS ANGELES,PEDIATRIC MEDICINE,,F,CHILDRENS HOSPITAL LOS ANGELES MEDICAL GROUP INC,1972858942,MITCHELL,KENDRA,
94304,CA,PALO ALTO,PEDIATRIC MEDICINE,GASTROENTEROLOGY,F,LPCH MEDICAL GROUP DIV OF LUCILE,1972958122,CAGIL,YASEMIN,NEZIHE
92103,CA,SAN DIEGO,PEDIATRIC MEDICINE,,M,REGENTS OF THE UNIVERSITY OF CALIFORNIA,1982044715,STEINBERG,JEFFREY,A
94143,CA,SAN FRANCISCO,PEDIATRIC MEDICINE,,F,UCSF MEDICAL GROUP BUSINESS SERVICES,1982049219,SEASHORE,ELIZABETH,LYNN
95355,CA,MODESTO,PEDIATRIC MEDICINE,,F,SUTTER VALLEY MEDICAL FOUNDATION,1982660122,BROUARD,YVONNE,JEAN
96025,CA,DUNSMUIR,PEDIATRIC MEDICINE,,M,"MCCLOUD HEALTHCARE CLINIC, INC.",1982765582,FORT,GRADY,R
94304,CA,PALO ALTO,PEDIATRIC MEDICINE,HEMATOLOGY/ONCOLOGY,F,LPCH MEDICAL GROUP DIV OF LUCILE,1982857223,SCHULTZ,LIORA,M
92868,CA,ORANGE,PEDIATRIC MEDICINE,,F,UC REGENTS UCI DEPT OF PEDIATRICS,1982927729,GOLD,JUNE-ANNE,
90027,CA,LOS ANGELES,PEDIATRIC MEDICINE,,M,CHILDRENS HOSPITAL LOS ANGELES MEDICAL GROUP INC,1982997300,SMITH,MATTHEW,L
94304,CA,PALO ALTO,PEDIATRIC MEDICINE,INFECTIOUS DISEASE,M,LPCH MEDICAL GROUP DIV OF LUCILE,1982997417,PHAM,TRUNG,HOANG MINH
94143,CA,SAN FRANCISCO,PEDIATRIC MEDICINE,EMERGENCY MEDICINE,M,UCSF MEDICAL GROUP BUSINESS SERVICES,1992091474,SHAAHINFAR,ASHKON,
94143,CA,SAN FRANCISCO,PEDIATRIC MEDICINE,,M,UCSF MEDICAL GROUP BUSINESS SERVICES,1992725808,TANEL,RONN,EL
92833,CA,FULLERTON,PEDIATRIC MEDICINE,INTERNAL MEDICINE,M,,1992857239,FLORES,EDGAR,
90027,CA,LOS ANGELES,PEDIATRIC MEDICINE,HEMATOLOGY/ONCOLOGY,M,SOUTHERN CALIFORNIA PERMANENTE MEDICAL GROUP,1992872717,COOPER,ROBERT,M
